Hour (LET),SBS Position (kWh),Sum Causers (kWh),Sum Helpers (kWh),Red Border Min (kWh),Orange Border Min (kWh),Light Green Border Min (kWh),Green Border Min (kWh),Green Border Max (kWh),Light Green Border Max (kWh),Orange Border Max (kWh),Red Border Max (kWh)
4/15/2025 6:00,-15822823.11,-24700992.28,8878169.17,-7.00E+07,-62287281,-42605137,-32764065,32764065,42605137,62287281,7.00E+07
4/15/2025 5:00,-11973288.85,-26159890.27,14186601.42,-7.00E+07,-62354614,-42676651,-32837670,32837670,42676651,62354614,7.00E+07
4/15/2025 4:00,-8975392.35,-27062610.08,18087217.72,-7.00E+07,-62379301,-42702872,-32864658,32864658,42702872,62379301,7.00E+07
4/15/2025 3:00,-7115367.55,-28226246.99,21110879.45,-7.00E+07,-62377853,-42701334,-32863075,32863075,42701334,62377853,7.00E+07
4/15/2025 2:00,-3895638.12,-28322277.25,24426639.12,-7.00E+07,-62347670,-42669277,-32830080,32830080,42669277,62347670,7.00E+07
4/15/2025 1:00,-989462.74,-27586277.99,26596815.25,-7.00E+07,-62235795,-42550453,-32707781,32707781,42550453,62235795,7.00E+07
4/15/2025 0:00,134976.82,27431391.5,-27296414.69,-7.00E+07,-62045996,-42348864,-32500298,32500298,42348864,62045996,7.00E+07
4/14/2025 23:00,457825.6,26542900.71,-26085075.1,-7.00E+07,-61937973,-42234131,-32382210,32382210,42234131,61937973,7.00E+07
4/14/2025 22:00,1381606.9,26128619.04,-24747012.14,-7.00E+07,-61879389,-42171908,-32318168,32318168,42171908,61879389,7.00E+07
4/14/2025 21:00,-3549112.35,-25434876.24,21885763.89,-7.00E+07,-61845461,-42135874,-32281080,32281080,42135874,61845461,7.00E+07
4/14/2025 20:00,-9268853.3,-26908690.72,17639837.43,-7.00E+07,-61919934,-42214972,-32362491,32362491,42214972,61919934,7.00E+07
4/14/2025 19:00,-13710393.32,-28852318.66,15141925.35,-7.00E+07,-62093874,-42399716,-32552637,32552637,42399716,62093874,7.00E+07
4/14/2025 18:00,-17240761.5,-31817644.54,14576883.04,-7.00E+07,-62222069,-42535874,-32692777,32692777,42535874,62222069,7.00E+07
4/14/2025 17:00,-18914397.17,-32877193.23,13962796.06,-7.00E+07,-62271709,-42588597,-32747041,32747041,42588597,62271709,7.00E+07
4/14/2025 16:00,-16256662.08,-31375940.91,15119278.83,-7.00E+07,-62235804,-42550462,-32707791,32707791,42550462,62235804,7.00E+07
4/14/2025 15:00,-11322369.62,-30399219.71,19076850.09,-7.00E+07,-62151944,-42461393,-32616117,32616117,42461393,62151944,7.00E+07
4/14/2025 14:00,-6014656.83,-27947498.11,21932841.28,-7.00E+07,-62038973,-42341405,-32492621,32492621,42341405,62038973,7.00E+07
4/14/2025 13:00,-1935244.57,-25567668.97,23632424.4,-7.00E+07,-61889963,-42183139,-32329727,32329727,42183139,61889963,7.00E+07
4/14/2025 12:00,3538223.62,25475676.81,-21937453.19,-7.00E+07,-61663359,-41942460,-32082010,32082010,41942460,61663359,7.00E+07
4/14/2025 11:00,7340018.12,28972764.12,-21632746,-7.00E+07,-61353812,-41613685,-31743622,31743622,41613685,61353812,7.00E+07
4/14/2025 10:00,9540939.79,30104130.77,-20563190.98,-7.00E+07,-61092675,-41336329,-31458155,31458155,41336329,61092675,7.00E+07
4/14/2025 9:00,9971006.07,27325422.58,-17354416.52,-7.00E+07,-61116788,-41361939,-31484515,31484515,41361939,61116788,7.00E+07
4/14/2025 8:00,7968266.57,22919288.71,-14951022.13,-7.00E+07,-61601375,-41876626,-32014252,32014252,41876626,61601375,7.00E+07
4/14/2025 7:00,7050277.87,21525325.73,-14475047.86,-7.00E+07,-62070746,-42375152,-32527355,32527355,42375152,62070746,7.00E+07
4/14/2025 6:00,6662595.59,21376830.63,-14714235.04,-7.00E+07,-61809501,-42097679,-32241768,32241768,42097679,61809501,7.00E+07
4/14/2025 5:00,6581248.57,24223651.5,-17642402.93,-7.00E+07,-61878134,-42170575,-32316796,32316796,42170575,61878134,7.00E+07
4/14/2025 4:00,6736859.43,24445646.77,-17708787.34,-7.00E+07,-61904824,-42198924,-32345974,32345974,42198924,61904824,7.00E+07
4/14/2025 3:00,5395741.04,24197393.39,-18801652.36,-7.00E+07,-61792087,-42079184,-32222732,32222732,42079184,61792087,7.00E+07
4/14/2025 2:00,6779280.88,24795211.86,-18015930.98,-7.00E+07,-61741652,-42025616,-32167599,32167599,42025616,61741652,7.00E+07
4/14/2025 1:00,8032228.57,25277787.35,-17245558.78,-7.00E+07,-61539321,-41810717,-31946416,31946416,41810717,61539321,7.00E+07
4/14/2025 0:00,6817707.93,24379433.93,-17561726,-7.00E+07,-61397754,-41660357,-31791659,31791659,41660357,61397754,7.00E+07
4/13/2025 23:00,3685011.25,22624247.11,-18939235.86,-7.00E+07,-61303856,-41560627,-31689012,31689012,41560627,61303856,7.00E+07
4/13/2025 22:00,-452621.48,-20695879.33,20243257.85,-7.00E+07,-61286563,-41542259,-31670108,31670108,41542259,61286563,7.00E+07
4/13/2025 21:00,-2727090.81,-22729761.11,20002670.31,-7.00E+07,-61355105,-41615059,-31745036,31745036,41615059,61355105,7.00E+07
4/13/2025 20:00,-4750172.63,-23136541.31,18386368.68,-7.00E+07,-61453132,-41719175,-31852197,31852197,41719175,61453132,7.00E+07
4/13/2025 19:00,-7004934.75,-23700482.12,16695547.37,-7.00E+07,-61566081,-41839140,-31975669,31975669,41839140,61566081,7.00E+07
4/13/2025 18:00,-10133079.07,-24890804.44,14757725.37,-7.00E+07,-61625530,-41902281,-32040657,32040657,41902281,61625530,7.00E+07
4/13/2025 17:00,-9707738.9,-23529012.56,13821273.66,-7.00E+07,-61562864,-41835723,-31972152,31972152,41835723,61562864,7.00E+07
4/13/2025 16:00,-8695591.8,-22343145.12,13647553.32,-7.00E+07,-61435443,-41700387,-31832860,31832860,41700387,61435443,7.00E+07
4/13/2025 15:00,-6937963.88,-22108454.21,15170490.33,-7.00E+07,-61338336,-41597248,-31726704,31726704,41597248,61338336,7.00E+07
4/13/2025 14:00,-5940726.61,-22393003.71,16452277.11,-7.00E+07,-61263897,-41518186,-31645330,31645330,41518186,61263897,7.00E+07
4/13/2025 13:00,-8271489.02,-24758408.71,16486919.69,-7.00E+07,-61147604,-41394669,-31518202,31518202,41394669,61147604,7.00E+07
4/13/2025 12:00,-10942298.44,-26335038.78,15392740.34,-7.00E+07,-61036350,-41276505,-31396582,31396582,41276505,61036350,7.00E+07
4/13/2025 11:00,-16240628.22,-30746316.12,14505687.9,-7.00E+07,-60906067,-41138129,-31254161,31254161,41138129,60906067,7.00E+07
4/13/2025 10:00,-19080566.5,-30822954.23,11742387.73,-7.00E+07,-60953005,-41187983,-31305472,31305472,41187983,60953005,7.00E+07
4/13/2025 9:00,-19949070.39,-30969378.43,11020308.04,-7.00E+07,-61181917,-41431114,-31555712,31555712,41431114,61181917,7.00E+07
4/13/2025 8:00,-16406977.31,-27858517.6,11451540.28,-7.00E+07,-61463646,-41730342,-31863691,31863691,41730342,61463646,7.00E+07
4/13/2025 7:00,-10317379.12,-23096217.95,12778838.83,-7.00E+07,-61656820,-41935515,-32074862,32074862,41935515,61656820,7.00E+07
4/13/2025 6:00,-5811619.52,-19844541.58,14032922.06,-7.00E+07,-62347126,-42668698,-32829485,32829485,42668698,62347126,7.00E+07
4/13/2025 5:00,-5110498.53,-20023011.12,14912512.58,-7.00E+07,-62306006,-42625025,-32784534,32784534,42625025,62306006,7.00E+07
4/13/2025 4:00,-6112329.58,-21135598.7,15023269.11,-7.00E+07,-62278697,-42596020,-32754681,32754681,42596020,62278697,7.00E+07
4/13/2025 3:00,-6373623.14,-22098010.18,15724387.04,-7.00E+07,-62252795,-42568508,-32726365,32726365,42568508,62252795,7.00E+07
4/13/2025 2:00,-6732911.78,-22668237.29,15935325.51,-7.00E+07,-62189189,-42500951,-32656833,32656833,42500951,62189189,7.00E+07
4/13/2025 1:00,-5210716.32,-22572794.16,17362077.84,-7.00E+07,-61981700,-42280575,-32430012,32430012,42280575,61981700,7.00E+07
4/13/2025 0:00,-3926319.44,-22700552.52,18774233.09,-7.00E+07,-61825285,-42114443,-32259023,32259023,42114443,61825285,7.00E+07
4/12/2025 23:00,-3367801.84,-23050738.44,19682936.59,-7.00E+07,-61684370,-41964776,-32104979,32104979,41964776,61684370,7.00E+07
4/12/2025 22:00,-3223053.76,-23353508.17,20130454.41,-7.00E+07,-61603643,-41879035,-32016731,32016731,41879035,61603643,7.00E+07
4/12/2025 21:00,-4526759.03,-23135989.44,18609230.41,-7.00E+07,-61575007,-41848620,-31985427,31985427,41848620,61575007,7.00E+07
4/12/2025 20:00,-7957811.16,-24431421.31,16473610.15,-7.00E+07,-61639314,-41916922,-32055725,32055725,41916922,61639314,7.00E+07
4/12/2025 19:00,-9702845.76,-25253838.25,15550992.49,-7.00E+07,-61767044,-42052585,-32195356,32195356,42052585,61767044,7.00E+07
4/12/2025 18:00,-9228798.43,-24253127.22,15024328.78,-7.00E+07,-61876141,-42168459,-32314618,32314618,42168459,61876141,7.00E+07
4/12/2025 17:00,-7471117.71,-23007882.63,15536764.92,-7.00E+07,-61886177,-42179118,-32325589,32325589,42179118,61886177,7.00E+07
4/12/2025 16:00,-4241383.17,-20758699.88,16517316.71,-7.00E+07,-61808229,-42096328,-32240378,32240378,42096328,61808229,7.00E+07
4/12/2025 15:00,-1755149.12,-19957203.26,18202054.15,-7.00E+07,-61803099,-42090880,-32234771,32234771,42090880,61803099,7.00E+07
4/12/2025 14:00,-497791.27,-19752209.54,19254418.27,-7.00E+07,-61663992,-41943132,-32082702,32082702,41943132,61663992,7.00E+07
4/12/2025 13:00,1307639.57,20284543.45,-18976903.88,-7.00E+07,-61518779,-41788899,-31923959,31923959,41788899,61518779,7.00E+07
4/12/2025 12:00,3374317.93,22185260.38,-18810942.45,-7.00E+07,-61348330,-41607864,-31737630,31737630,41607864,61348330,7.00E+07
4/12/2025 11:00,6684425.14,23340222.71,-16655797.57,-7.00E+07,-61066323,-41308340,-31429348,31429348,41308340,61066323,7.00E+07
4/12/2025 10:00,11365934.39,27157687.6,-15791753.2,-7.00E+07,-60812222,-41038455,-31151572,31151572,41038455,60812222,7.00E+07
4/12/2025 9:00,14297050.77,28529248.24,-14232197.48,-7.00E+07,-60998422,-41236221,-31355120,31355120,41236221,60998422,7.00E+07
4/12/2025 8:00,13724370.64,28582195.37,-14857824.73,-7.00E+07,-61487872,-41756073,-31890173,31890173,41756073,61487872,7.00E+07
4/12/2025 7:00,9965787.43,25074432.66,-15108645.23,-7.00E+07,-61836198,-42126035,-32270953,32270953,42126035,61836198,7.00E+07
4/12/2025 6:00,7433520.97,23300730.83,-15867209.86,-7.00E+07,-61761322,-42046508,-32189101,32189101,42046508,61761322,7.00E+07
4/12/2025 5:00,11127000.47,28943207.13,-17816206.67,-7.00E+07,-61844962,-42135343,-32280534,32280534,42135343,61844962,7.00E+07
4/12/2025 4:00,16412991.5,32213112.25,-15800120.75,-7.00E+07,-61888380,-42181458,-32327997,32327997,42181458,61888380,7.00E+07
4/12/2025 3:00,19886573.29,37082669.19,-17196095.9,-7.00E+07,-61897284,-42190915,-32337730,32337730,42190915,61897284,7.00E+07
4/12/2025 2:00,23411323.1,41082651.57,-17671328.47,-7.00E+07,-61857529,-42148690,-32294271,32294271,42148690,61857529,7.00E+07
4/12/2025 1:00,23082906.4,42769469.94,-19686563.54,-7.00E+07,-61823953,-42113029,-32257567,32257567,42113029,61823953,7.00E+07
4/12/2025 0:00,21219724.48,44394486.5,-23174762.01,-7.00E+07,-61640742,-41918439,-32057287,32057287,41918439,61640742,7.00E+07
4/11/2025 23:00,21943388.67,43260564.82,-21317176.15,-7.00E+07,-61451399,-41717335,-31850302,31850302,41717335,61451399,7.00E+07
4/11/2025 22:00,17840531.02,38032604.1,-20192073.08,-7.00E+07,-61376310,-41637581,-31768216,31768216,41637581,61376310,7.00E+07
4/11/2025 21:00,11826249.52,35311381.01,-23485131.49,-7.00E+07,-61437746,-41702834,-31835377,31835377,41702834,61437746,7.00E+07
4/11/2025 20:00,7184831.07,33733011.55,-26548180.48,-7.00E+07,-61534750,-41805863,-31941419,31941419,41805863,61534750,7.00E+07
4/11/2025 19:00,4463254.08,32966992.97,-28503738.89,-7.00E+07,-61660541,-41939467,-32078930,32078930,41939467,61660541,7.00E+07
4/11/2025 18:00,4032090.17,32139650.22,-28107560.04,-7.00E+07,-61786134,-42072861,-32216225,32216225,42072861,61786134,7.00E+07
4/11/2025 17:00,6140629.2,31458995.18,-25318365.98,-7.00E+07,-61738094,-42021837,-32163709,32163709,42021837,61738094,7.00E+07
4/11/2025 16:00,9624420.01,32085055.71,-22460635.7,-7.00E+07,-61629326,-41906314,-32044807,32044807,41906314,61629326,7.00E+07
4/11/2025 15:00,12407347.02,32947896.98,-20540549.96,-7.00E+07,-61547059,-41818937,-31954875,31954875,41818937,61547059,7.00E+07
4/11/2025 14:00,13989245.25,33156583.01,-19167337.76,-7.00E+07,-61395828,-41658312,-31789554,31789554,41658312,61395828,7.00E+07
4/11/2025 13:00,14821317.66,33024483.83,-18203166.17,-7.00E+07,-61210707,-41461692,-31587185,31587185,41461692,61210707,7.00E+07
4/11/2025 12:00,14471614.53,31716624.49,-17245009.96,-7.00E+07,-60863459,-41092874,-31207582,31207582,41092874,60863459,7.00E+07
4/11/2025 11:00,17540940.53,31531102.48,-13990161.95,-7.00E+07,-60373694,-40572688,-30672186,30672186,40572688,60373694,7.00E+07
4/11/2025 10:00,18809255.38,30125879.25,-11316623.86,-7.00E+07,-59947128,-40119627,-30205876,30205876,40119627,59947128,7.00E+07
4/11/2025 9:00,11954571.8,23474515.02,-11519943.22,-7.00E+07,-59968243,-40142053,-30228958,30228958,40142053,59968243,7.00E+07
4/11/2025 8:00,1784667.4,16882808.36,-15098140.95,-7.00E+07,-60590179,-40802621,-30908842,30908842,40802621,60590179,7.00E+07
4/11/2025 7:00,-8012870.36,-17707166.53,9694296.17,-7.00E+07,-61234415,-41486873,-31613102,31613102,41486873,61234415,7.00E+07
4/11/2025 6:00,-13870033.92,-19826488.85,5956454.93,-7.00E+07,-60699811,-40919062,-31028687,31028687,40919062,60699811,7.00E+07
4/11/2025 5:00,-14123601.12,-22528671.8,8405070.68,-7.00E+07,-60857407,-41086447,-31200967,31200967,41086447,60857407,7.00E+07
4/11/2025 4:00,-11915051.36,-25099775.9,13184724.54,-7.00E+07,-60974142,-41210433,-31328579,31328579,41210433,60974142,7.00E+07
4/11/2025 3:00,-8032724.17,-26318228.88,18285504.71,-7.00E+07,-61049146,-41290095,-31410570,31410570,41290095,61049146,7.00E+07
4/11/2025 2:00,-5543562.76,-25889584.48,20346021.71,-7.00E+07,-61022772,-41262084,-31381739,31381739,41262084,61022772,7.00E+07
4/11/2025 1:00,-3931395.07,-25606968.79,21675573.72,-7.00E+07,-60746988,-40969170,-31080261,31080261,40969170,60746988,7.00E+07
4/11/2025 0:00,-1434487.41,-26717466.57,25282979.16,-7.00E+07,-60592756,-40805357,-30911658,30911658,40805357,60592756,7.00E+07
4/10/2025 23:00,-1280963.16,-28071431.52,26790468.36,-7.00E+07,-60346514,-40543820,-30642473,30642473,40543820,60346514,7.00E+07
4/10/2025 22:00,-4624445.19,-29398274.75,24773829.56,-7.00E+07,-60281718,-40474999,-30571640,30571640,40474999,60281718,7.00E+07
4/10/2025 21:00,-10081202.81,-31332590.05,21251387.24,-7.00E+07,-60404172,-40605060,-30705504,30705504,40605060,60404172,7.00E+07
4/10/2025 20:00,-13481364.17,-32956568.91,19475204.74,-7.00E+07,-60508052,-40715392,-30819062,30819062,40715392,60508052,7.00E+07
4/10/2025 19:00,-17508029.58,-33733812.99,16225783.41,-7.00E+07,-60585600,-40797757,-30903835,30903835,40797757,60585600,7.00E+07
4/10/2025 18:00,-18706142.29,-36428570.38,17722428.09,-7.00E+07,-60675342,-40893074,-31001939,31001939,40893074,60675342,7.00E+07
4/10/2025 17:00,-14900055.99,-35802733.84,20902677.85,-7.00E+07,-60507352,-40714649,-30818297,30818297,40714649,60507352,7.00E+07
4/10/2025 16:00,-7702038.77,-30951907.76,23249868.99,-7.00E+07,-60526283,-40734756,-30838992,30838992,40734756,60526283,7.00E+07
4/10/2025 15:00,881079.84,27928470.04,-27047390.2,-7.00E+07,-60505870,-40713075,-30816677,30816677,40713075,60505870,7.00E+07
4/10/2025 14:00,7997596.58,32546714.77,-24549118.19,-7.00E+07,-60268042,-40460475,-30556691,30556691,40460475,60268042,7.00E+07
4/10/2025 13:00,10683901.43,34256024.84,-23572123.41,-7.00E+07,-60123908,-40307387,-30399127,30399127,40307387,60123908,7.00E+07
4/10/2025 12:00,9122932.44,33011757.94,-23888825.5,-7.00E+07,-59890147,-40059106,-30143586,30143586,40059106,59890147,7.00E+07
4/10/2025 11:00,5707372.29,27779202.89,-22071830.6,-7.00E+07,-59481913,-39625516,-29697317,29697317,39625516,59481913,7.00E+07
4/10/2025 10:00,1468986.33,22477524.23,-21008537.89,-7.00E+07,-59221402,-39348823,-29412534,29412534,39348823,59221402,7.00E+07
4/10/2025 9:00,-3712305.38,-22744605.73,19032300.35,-7.00E+07,-59315271,-39448522,-29515148,29515148,39448522,59315271,7.00E+07
4/10/2025 8:00,-11145920.83,-26202862.4,15056941.57,-7.00E+07,-59976131,-40150431,-30237581,30237581,40150431,59976131,7.00E+07
4/10/2025 7:00,-19084824.73,-28952696.12,9867871.39,-7.00E+07,-60694767,-40913705,-31023173,31023173,40913705,60694767,7.00E+07
4/10/2025 6:00,-23019719.8,-30579112.37,7559392.57,-7.00E+07,-61659565,-41938431,-32077863,32077863,41938431,61659565,7.00E+07
4/10/2025 5:00,-16597239.15,-26893857.83,10296618.68,-7.00E+07,-61837113,-42127007,-32271954,32271954,42127007,61837113,7.00E+07
4/10/2025 4:00,-10508458.07,-24091483.55,13583025.48,-7.00E+07,-61904714,-42198807,-32345853,32345853,42198807,61904714,7.00E+07
4/10/2025 3:00,-4587699.31,-20424571.18,15836871.87,-7.00E+07,-61919254,-42214250,-32361748,32361748,42214250,61919254,7.00E+07
4/10/2025 2:00,184619.19,18788889.83,-18604270.63,-7.00E+07,-61878951,-42171444,-32317690,32317690,42171444,61878951,7.00E+07
4/10/2025 1:00,3783514.09,22783957.3,-19000443.21,-7.00E+07,-61700231,-41981623,-32122318,32122318,41981623,61700231,7.00E+07
4/10/2025 0:00,6423694.22,26171244.79,-19747550.57,-7.00E+07,-61398970,-41661648,-31792988,31792988,41661648,61398970,7.00E+07
4/9/2025 23:00,9641083.55,29019551.03,-19378467.48,-7.00E+07,-61115646,-41360727,-31483267,31483267,41360727,61115646,7.00E+07
4/9/2025 22:00,7862028.32,28331193.95,-20469165.63,-7.00E+07,-61001618,-41239616,-31358614,31358614,41239616,61001618,7.00E+07
4/9/2025 21:00,4636239.92,24639829.16,-20003589.24,-7.00E+07,-61082849,-41325892,-31447414,31447414,41325892,61082849,7.00E+07
4/9/2025 20:00,798758.72,22233207.9,-21434449.18,-7.00E+07,-61218820,-41470309,-31596054,31596054,41470309,61218820,7.00E+07
4/9/2025 19:00,-986026.96,-21983243.22,20997216.27,-7.00E+07,-61405757,-41668857,-31800407,31800407,41668857,61405757,7.00E+07
4/9/2025 18:00,1392440.6,22536152.76,-21143712.17,-7.00E+07,-61481897,-41749726,-31883641,31883641,41749726,61481897,7.00E+07
4/9/2025 17:00,2554503.29,20830163.8,-18275660.52,-7.00E+07,-61543809,-41815485,-31951322,31951322,41815485,61543809,7.00E+07
4/9/2025 16:00,4181315.32,23077968.9,-18896653.58,-7.00E+07,-61484478,-41752468,-31886463,31886463,41752468,61484478,7.00E+07
4/9/2025 15:00,6958341.61,24401864.61,-17443523,-7.00E+07,-61355752,-41615746,-31745743,31745743,41615746,61355752,7.00E+07
4/9/2025 14:00,9743521.54,26067023.67,-16323502.13,-7.00E+07,-61244662,-41497756,-31624303,31624303,41497756,61244662,7.00E+07
4/9/2025 13:00,11698471.54,26918919.44,-15220447.91,-7.00E+07,-61112791,-41357694,-31480146,31480146,41357694,61112791,7.00E+07
4/9/2025 12:00,14620029.02,26372970.89,-11752941.87,-7.00E+07,-60759865,-40982847,-31094337,31094337,40982847,60759865,7.00E+07
4/9/2025 11:00,13110813.02,25789907.83,-12679094.81,-7.00E+07,-60277082,-40470076,-30566573,30566573,40470076,60277082,7.00E+07
4/9/2025 10:00,10861694.63,23904813.21,-13043118.58,-7.00E+07,-59875121,-40043147,-30127160,30127160,40043147,59875121,7.00E+07
4/9/2025 9:00,4136672.9,17948792.4,-13812119.5,-7.00E+07,-59908791,-40078908,-30163967,30163967,40078908,59908791,7.00E+07
4/9/2025 8:00,-1352596.21,-16874389.13,15521792.91,-7.00E+07,-60556240,-40766573,-30871740,30871740,40766573,60556240,7.00E+07
4/9/2025 7:00,-6734372.6,-19823201.35,13088828.75,-7.00E+07,-61231660,-41483946,-31610090,31610090,41483946,61231660,7.00E+07
4/9/2025 6:00,-6886644.29,-20876948.26,13990303.97,-7.00E+07,-61542381,-41813968,-31949761,31949761,41813968,61542381,7.00E+07
4/9/2025 5:00,-5563545.23,-17657876.34,12094331.11,-7.00E+07,-61701060,-41982503,-32123225,32123225,41982503,61701060,7.00E+07
4/9/2025 4:00,-2006022.57,-17390646.41,15384623.85,-7.00E+07,-61780768,-42067161,-32210358,32210358,42067161,61780768,7.00E+07
4/9/2025 3:00,1021732.72,19456942.55,-18435209.83,-7.00E+07,-61820626,-42109496,-32253931,32253931,42109496,61820626,7.00E+07
4/9/2025 2:00,3235250.33,21552634.93,-18317384.6,-7.00E+07,-61803768,-42091591,-32235502,32235502,42091591,61803768,7.00E+07
4/9/2025 1:00,3838528.69,22864635.51,-19026106.82,-7.00E+07,-61635030,-41912372,-32051043,32051043,41912372,61635030,7.00E+07
4/9/2025 0:00,4434246.48,24835135.12,-20400888.64,-7.00E+07,-61354462,-41614376,-31744333,31744333,41614376,61354462,7.00E+07
4/8/2025 23:00,5866890.7,25056173.7,-19189283,-7.00E+07,-61097943,-41341923,-31463914,31463914,41341923,61097943,7.00E+07
4/8/2025 22:00,5470632.41,25342017.6,-19871385.2,-7.00E+07,-61004613,-41242796,-31361888,31361888,41242796,61004613,7.00E+07
4/8/2025 21:00,2876522.65,24543876.54,-21667353.89,-7.00E+07,-61054712,-41296008,-31416656,31416656,41296008,61054712,7.00E+07
4/8/2025 20:00,-2924913.27,-22930477.32,20005564.05,-7.00E+07,-61155741,-41403312,-31527098,31527098,41403312,61155741,7.00E+07
4/8/2025 19:00,-8794340.95,-24502677.24,15708336.29,-7.00E+07,-61317548,-41575170,-31703980,31703980,41575170,61317548,7.00E+07
4/8/2025 18:00,-13248796.54,-27137793.68,13888997.14,-7.00E+07,-61243292,-41496301,-31622805,31622805,41496301,61243292,7.00E+07
4/8/2025 17:00,-12655282.78,-25580078.91,12924796.14,-7.00E+07,-61266422,-41520868,-31648090,31648090,41520868,61266422,7.00E+07
4/8/2025 16:00,-13114321.4,-27134319.8,14019998.4,-7.00E+07,-61248070,-41501376,-31628029,31628029,41501376,61248070,7.00E+07
4/8/2025 15:00,-11375834.61,-26417442.27,15041607.66,-7.00E+07,-61153707,-41401151,-31524874,31524874,41401151,61153707,7.00E+07
4/8/2025 14:00,-12288276.29,-29185568.11,16897291.82,-7.00E+07,-61036568,-41276736,-31396820,31396820,41276736,61036568,7.00E+07
4/8/2025 13:00,-10561322.16,-27185856.76,16624534.6,-7.00E+07,-60961496,-41197002,-31314754,31314754,41197002,60961496,7.00E+07
4/8/2025 12:00,-9343909.18,-24749971.76,15406062.58,-7.00E+07,-60605761,-40819170,-30925875,30925875,40819170,60605761,7.00E+07
4/8/2025 11:00,-5741301.41,-19944389.58,14203088.17,-7.00E+07,-60034389,-40212308,-30301268,30301268,40212308,60034389,7.00E+07
4/8/2025 10:00,-2410528.15,-17935652.21,15525124.05,-7.00E+07,-59512993,-39658526,-29731293,29731293,39658526,59512993,7.00E+07
4/8/2025 9:00,-1503460.84,-17211139.27,15707678.43,-7.00E+07,-59487461,-39631408,-29703382,29703382,39631408,59487461,7.00E+07
4/8/2025 8:00,-6719831.25,-17649346.34,10929515.09,-7.00E+07,-60161115,-40346905,-30439800,30439800,40346905,60161115,7.00E+07
4/8/2025 7:00,-13373316.78,-19574096.51,6200779.73,-7.00E+07,-60897863,-41129416,-31245192,31245192,41129416,60897863,7.00E+07
4/8/2025 6:00,-19972864.29,-23977716.4,4004852.11,-7.00E+07,-60995366,-41232976,-31351780,31351780,41232976,60995366,7.00E+07
4/8/2025 5:00,-17750304.93,-26693087.29,8942782.36,-7.00E+07,-61210018,-41460960,-31586431,31586431,41460960,61210018,7.00E+07
4/8/2025 4:00,-17338500.4,-28424172.2,11085671.79,-7.00E+07,-61332163,-41590692,-31719956,31719956,41590692,61332163,7.00E+07
4/8/2025 3:00,-14682885.42,-29383169.79,14700284.37,-7.00E+07,-61402583,-41665486,-31796938,31796938,41665486,61402583,7.00E+07
4/8/2025 2:00,-12051449.31,-29118442.11,17066992.79,-7.00E+07,-61406299,-41669433,-31801000,31801000,41669433,61406299,7.00E+07
4/8/2025 1:00,-10001038.14,-29018797.61,19017759.46,-7.00E+07,-61246446,-41499651,-31626254,31626254,41499651,61246446,7.00E+07
4/8/2025 0:00,-9189699.97,-29698431.13,20508731.16,-7.00E+07,-60952364,-41187302,-31304772,31304772,41187302,60952364,7.00E+07
4/7/2025 23:00,-9803142.93,-30348021.45,20544878.52,-7.00E+07,-60682008,-40900153,-31009226,31009226,40900153,60682008,7.00E+07
4/7/2025 22:00,-10979093.76,-30831953.92,19852860.17,-7.00E+07,-60595654,-40808436,-30914826,30914826,40808436,60595654,7.00E+07
4/7/2025 21:00,-13969065.3,-32491342.53,18522277.23,-7.00E+07,-60703514,-40922995,-31032736,31032736,40922995,60703514,7.00E+07
4/7/2025 20:00,-16063657.07,-34504123.51,18440466.44,-7.00E+07,-60815716,-41042167,-31155392,31155392,41042167,60815716,7.00E+07
4/7/2025 19:00,-17745640.36,-36008761.25,18263120.89,-7.00E+07,-61008411,-41246830,-31366040,31366040,41246830,61008411,7.00E+07
4/7/2025 18:00,-21164046.38,-38424584.08,17260537.7,-7.00E+07,-61222908,-41474651,-31600522,31600522,41474651,61222908,7.00E+07
4/7/2025 17:00,-19899898.29,-37375422.71,17475524.42,-7.00E+07,-61257766,-41511674,-31638628,31638628,41511674,61257766,7.00E+07
4/7/2025 16:00,-17968222.07,-36617425.31,18649203.24,-7.00E+07,-61222746,-41474479,-31600345,31600345,41474479,61222746,7.00E+07
4/7/2025 15:00,-15316797.35,-35130501.48,19813704.12,-7.00E+07,-61079199,-41322015,-31443423,31443423,41322015,61079199,7.00E+07
4/7/2025 14:00,-12359359.53,-32949166.79,20589807.27,-7.00E+07,-60919472,-41152368,-31268815,31268815,41152368,60919472,7.00E+07
4/7/2025 13:00,-7935011.45,-34956928.34,27021916.89,-7.00E+07,-60645548,-40861428,-30969369,30969369,40861428,60645548,7.00E+07
4/7/2025 12:00,-2260263.29,-30604192.53,28343929.24,-7.00E+07,-60230476,-40420574,-30515624,30515624,40420574,60230476,7.00E+07
4/7/2025 11:00,3120340.83,29154002.7,-26033661.87,-7.00E+07,-59650312,-39804374,-29881405,29881405,39804374,59650312,7.00E+07
4/7/2025 10:00,7960147.08,29746067.62,-21785920.54,-7.00E+07,-59155584,-39278917,-29340583,29340583,39278917,59155584,7.00E+07
4/7/2025 9:00,13291518.27,32005553.82,-18714035.55,-7.00E+07,-59171906,-39296253,-29358426,29358426,39296253,59171906,7.00E+07
4/7/2025 8:00,11574541.06,29917561.9,-18343020.84,-7.00E+07,-59848534,-40014908,-30098096,30098096,40014908,59848534,7.00E+07
4/7/2025 7:00,7836552.7,26671667.11,-18835114.41,-7.00E+07,-60567930,-40778989,-30884519,30884519,40778989,60567930,7.00E+07
4/7/2025 6:00,2175622.74,20764987.4,-18589364.66,-7.00E+07,-61269961,-41524627,-31651959,31651959,41524627,61269961,7.00E+07
4/7/2025 5:00,-6501294.55,-25350040.17,18848745.62,-7.00E+07,-61475193,-41742606,-31876313,31876313,41742606,61475193,7.00E+07
4/7/2025 4:00,-13411211.37,-32699357.25,19288145.88,-7.00E+07,-61596540,-41871491,-32008966,32008966,41871491,61596540,7.00E+07
4/7/2025 3:00,-15913601.88,-36507734.08,20594132.2,-7.00E+07,-61669348,-41948821,-32088558,32088558,41948821,61669348,7.00E+07
4/7/2025 2:00,-16845523.68,-37510353.03,20664829.34,-7.00E+07,-61684239,-41964637,-32104836,32104836,41964637,61684239,7.00E+07
4/7/2025 1:00,-17803963.24,-37373342.64,19569379.4,-7.00E+07,-61566343,-41839418,-31975956,31975956,41839418,61566343,7.00E+07
4/7/2025 0:00,-17146768.08,-39028331.16,21881563.08,-7.00E+07,-61364436,-41624970,-31755236,31755236,41624970,61364436,7.00E+07
4/6/2025 23:00,-16643241.55,-40262800.12,23619558.57,-7.00E+07,-61195485,-41445525,-31570545,31570545,41445525,61195485,7.00E+07
4/6/2025 22:00,-18386372.66,-42320922.92,23934550.26,-7.00E+07,-61172180,-41420772,-31545068,31545068,41420772,61172180,7.00E+07
4/6/2025 21:00,-20263771.93,-44045485.37,23781713.44,-7.00E+07,-61290863,-41546827,-31674809,31674809,41546827,61290863,7.00E+07
4/6/2025 20:00,-22561661.21,-46364484.47,23802823.26,-7.00E+07,-61423816,-41688038,-31820149,31820149,41688038,61423816,7.00E+07
4/6/2025 19:00,-21734761.78,-47202932.42,25468170.64,-7.00E+07,-61591447,-41866081,-32003398,32003398,41866081,61591447,7.00E+07
4/6/2025 18:00,-21956075.91,-47762539.93,25806464.01,-7.00E+07,-61576684,-41850401,-31987260,31987260,41850401,61576684,7.00E+07
4/6/2025 17:00,-20275960.08,-46183114.68,25907154.6,-7.00E+07,-61575500,-41849144,-31985966,31985966,41849144,61575500,7.00E+07
4/6/2025 16:00,-19638003.33,-44169502.52,24531499.19,-7.00E+07,-61512665,-41782406,-31917276,31917276,41782406,61512665,7.00E+07
4/6/2025 15:00,-18534768.46,-42413449.69,23878681.23,-7.00E+07,-61354688,-41614616,-31744580,31744580,41614616,61354688,7.00E+07
4/6/2025 14:00,-18853784.08,-41702305.11,22848521.03,-7.00E+07,-61235806,-41488350,-31614622,31614622,41488350,61235806,7.00E+07
4/6/2025 13:00,-19948127.99,-40478910.16,20530782.17,-7.00E+07,-61030793,-41270603,-31390508,31390508,41270603,61030793,7.00E+07
4/6/2025 12:00,-19609492.48,-39364186.66,19754694.18,-7.00E+07,-60676425,-40894224,-31003123,31003123,40894224,60676425,7.00E+07
4/6/2025 11:00,-20822639.52,-38076223,17253583.48,-7.00E+07,-60309404,-40504405,-30601906,30601906,40504405,60309404,7.00E+07
4/6/2025 10:00,-19868870.39,-36272883.06,16404012.67,-7.00E+07,-60209464,-40398258,-30492655,30492655,40398258,60209464,7.00E+07
4/6/2025 9:00,-19790222.27,-34599260.95,14809038.68,-7.00E+07,-60581879,-40793804,-30899767,30899767,40793804,60581879,7.00E+07
4/6/2025 8:00,-20471605.69,-32750844.79,12279239.09,-7.00E+07,-61130662,-41376675,-31499682,31499682,41376675,61130662,7.00E+07
4/6/2025 7:00,-19392210.51,-29926450.01,10534239.5,-7.00E+07,-61498441,-41767298,-31901727,31901727,41767298,61498441,7.00E+07
4/6/2025 6:00,-18650708.94,-29667164.81,11016455.87,-7.00E+07,-61560237,-41832932,-31969280,31969280,41832932,61560237,7.00E+07
4/6/2025 5:00,-21409017.47,-33722563.68,12313546.2,-7.00E+07,-61658005,-41936774,-32076158,32076158,41936774,61658005,7.00E+07
4/6/2025 4:00,-22236460.4,-35753176.5,13516716.1,-7.00E+07,-61717931,-42000421,-32141667,32141667,42000421,61717931,7.00E+07
4/6/2025 3:00,-21073813.9,-37141664.44,16067850.54,-7.00E+07,-61609859,-41885637,-32023526,32023526,41885637,61609859,7.00E+07
4/6/2025 2:00,-19241438.44,-34983281.9,15741843.46,-7.00E+07,-61593741,-41868518,-32005906,32005906,41868518,61593741,7.00E+07
4/6/2025 1:00,-15590868.5,-32763860.79,17172992.29,-7.00E+07,-61484594,-41752591,-31886589,31886589,41752591,61484594,7.00E+07
4/6/2025 0:00,-11231506.83,-33110917.71,21879410.88,-7.00E+07,-61328934,-41587262,-31716427,31716427,41587262,61328934,7.00E+07
4/5/2025 23:00,-10997149.27,-33081557.32,22084408.05,-7.00E+07,-61187248,-41436775,-31561539,31561539,41436775,61187248,7.00E+07
4/5/2025 22:00,-13347291.19,-34115121.77,20767830.59,-7.00E+07,-61137024,-41383433,-31506637,31506637,41383433,61137024,7.00E+07
4/5/2025 21:00,-15283455.06,-34734642.54,19451187.49,-7.00E+07,-61123026,-41368565,-31491334,31491334,41368565,61123026,7.00E+07
4/5/2025 20:00,-16730014.33,-36355415.43,19625401.09,-7.00E+07,-61254755,-41508476,-31635337,31635337,41508476,61254755,7.00E+07
4/5/2025 19:00,-16696904.18,-35769548.58,19072644.4,-7.00E+07,-61415549,-41679257,-31811112,31811112,41679257,61415549,7.00E+07
4/5/2025 18:00,-13896155.04,-33086694.75,19190539.71,-7.00E+07,-61524195,-41794652,-31929880,31929880,41794652,61524195,7.00E+07
4/5/2025 17:00,-10951598.29,-31347700.16,20396101.87,-7.00E+07,-61540881,-41812374,-31948121,31948121,41812374,61540881,7.00E+07
4/5/2025 16:00,-9273184.13,-30320688.85,21047504.72,-7.00E+07,-61542863,-41814480,-31950288,31950288,41814480,61542863,7.00E+07
4/5/2025 15:00,-7604404.11,-29710844.93,22106440.82,-7.00E+07,-61479141,-41746800,-31880629,31880629,41746800,61479141,7.00E+07
4/5/2025 14:00,-6438401.2,-28096542.13,21658140.93,-7.00E+07,-61333429,-41592037,-31721341,31721341,41592037,61333429,7.00E+07
4/5/2025 13:00,-3924208.59,-26347942.71,22423734.12,-7.00E+07,-61227094,-41479097,-31605098,31605098,41479097,61227094,7.00E+07
4/5/2025 12:00,-1602939.05,-25070201.25,23467262.21,-7.00E+07,-60939673,-41173823,-31290898,31290898,41173823,60939673,7.00E+07
4/5/2025 11:00,-294554.13,-22550985.31,22256431.19,-7.00E+07,-60573182,-40784568,-30890260,30890260,40784568,60573182,7.00E+07
4/5/2025 10:00,37476.37,22742577.52,-22705101.15,-7.00E+07,-60432429,-40635072,-30736394,30736394,40635072,60432429,7.00E+07
4/5/2025 9:00,-2913219.79,-23589068.16,20675848.37,-7.00E+07,-60729348,-40950433,-31060976,31060976,40950433,60729348,7.00E+07
4/5/2025 8:00,-6621126.21,-22711675.4,16090549.18,-7.00E+07,-61225768,-41477689,-31603649,31603649,41477689,61225768,7.00E+07
4/5/2025 7:00,-9421986.9,-22093785.82,12671798.92,-7.00E+07,-61563426,-41836320,-31972767,31972767,41836320,61563426,7.00E+07
4/5/2025 6:00,-11990508.37,-22313273.37,10322765,-7.00E+07,-62064734,-42368766,-32520782,32520782,42368766,62064734,7.00E+07
4/5/2025 5:00,-10971782.46,-22770164.98,11798382.53,-7.00E+07,-62139617,-42448300,-32602642,32602642,42448300,62139617,7.00E+07
4/5/2025 4:00,-9890030.63,-24260992.01,14370961.38,-7.00E+07,-62166245,-42476583,-32631752,32631752,42476583,62166245,7.00E+07
4/5/2025 3:00,-8599219.89,-25840623.79,17241403.9,-7.00E+07,-62136895,-42445410,-32599667,32599667,42445410,62136895,7.00E+07
4/5/2025 2:00,-4780652.37,-24043437.11,19262784.74,-7.00E+07,-62136919,-42445435,-32599693,32599693,42445435,62136919,7.00E+07
4/5/2025 1:00,-2355495.75,-22582578.07,20227082.32,-7.00E+07,-62060417,-42364181,-32516062,32516062,42364181,62060417,7.00E+07
4/5/2025 0:00,-1123765.72,-22182670.73,21058905.01,-7.00E+07,-61889318,-42182454,-32329023,32329023,42182454,61889318,7.00E+07
4/4/2025 23:00,-1119604.08,-23275133.78,22155529.7,-7.00E+07,-61729800,-42013028,-32154642,32154642,42013028,61729800,7.00E+07
4/4/2025 22:00,-5201956.56,-25212006.42,20010049.86,-7.00E+07,-61648243,-41926405,-32065486,32065486,41926405,61648243,7.00E+07
4/4/2025 21:00,-7121454.46,-24794263.84,17672809.38,-7.00E+07,-61662517,-41941566,-32081090,32081090,41941566,61662517,7.00E+07
4/4/2025 20:00,-10358358.95,-27439555.6,17081196.64,-7.00E+07,-61753906,-42038631,-32180994,32180994,42038631,61753906,7.00E+07
4/4/2025 19:00,-11570951.8,-28463600.01,16892648.21,-7.00E+07,-61886624,-42179592,-32326077,32326077,42179592,61886624,7.00E+07
4/4/2025 18:00,-12831848.18,-30541310.98,17709462.8,-7.00E+07,-62015814,-42316808,-32467304,32467304,42316808,62015814,7.00E+07
4/4/2025 17:00,-10601686.85,-29235440.01,18633753.16,-7.00E+07,-62031771,-42333756,-32484748,32484748,42333756,62031771,7.00E+07
4/4/2025 16:00,-5725206.04,-25487078.56,19761872.52,-7.00E+07,-61894386,-42187837,-32334562,32334562,42187837,61894386,7.00E+07
4/4/2025 15:00,-1764021.26,-22489304.4,20725283.15,-7.00E+07,-61835754,-42125563,-32270467,32270467,42125563,61835754,7.00E+07
4/4/2025 14:00,1431619.41,21221862.79,-19790243.38,-7.00E+07,-61778882,-42065158,-32208297,32208297,42065158,61778882,7.00E+07
4/4/2025 13:00,1709804.12,22454176.88,-20744372.76,-7.00E+07,-61645847,-41923860,-32062867,32062867,41923860,61645847,7.00E+07
4/4/2025 12:00,3768266.61,21836638.85,-18068372.24,-7.00E+07,-61345659,-41605027,-31734710,31734710,41605027,61345659,7.00E+07
4/4/2025 11:00,11896445.32,26087883.58,-14191438.27,-7.00E+07,-60919056,-41151926,-31268360,31268360,41151926,60919056,7.00E+07
4/4/2025 10:00,14701469.34,28639514.12,-13938044.79,-7.00E+07,-60577112,-40788742,-30894557,30894557,40788742,60577112,7.00E+07
4/4/2025 9:00,12974299.32,26530796.8,-13556497.47,-7.00E+07,-60654401,-40870831,-30979047,30979047,40870831,60654401,7.00E+07
4/4/2025 8:00,7048312.62,21489511.33,-14441198.71,-7.00E+07,-61246848,-41500078,-31626693,31626693,41500078,61246848,7.00E+07
4/4/2025 7:00,3259999.09,18100649.71,-14840650.61,-7.00E+07,-61776856,-42063007,-32206082,32206082,42063007,61776856,7.00E+07
4/4/2025 6:00,-274174.9,-15220264.2,14946089.3,-7.00E+07,-61802589,-42090338,-32234212,32234212,42090338,61802589,7.00E+07
4/4/2025 5:00,-116156.84,-15264341.48,15148184.65,-7.00E+07,-61908026,-42202325,-32349474,32349474,42202325,61908026,7.00E+07
4/4/2025 4:00,-2143361.16,-17362303.57,15218942.41,-7.00E+07,-61956216,-42253508,-32402154,32402154,42253508,61956216,7.00E+07
4/4/2025 3:00,-2863313.36,-18774365.49,15911052.13,-7.00E+07,-61966824,-42264774,-32413749,32413749,42264774,61966824,7.00E+07
4/4/2025 2:00,-5443929.39,-21336963.04,15893033.65,-7.00E+07,-61923824,-42219103,-32366743,32366743,42219103,61923824,7.00E+07
4/4/2025 1:00,-3065856.37,-23435544.24,20369687.87,-7.00E+07,-61752344,-42036972,-32179286,32179286,42036972,61752344,7.00E+07
4/4/2025 0:00,-1128336.56,-23546284.69,22417948.13,-7.00E+07,-61517856,-41787920,-31922951,31922951,41787920,61517856,7.00E+07
4/3/2025 23:00,4194651.18,25358903.11,-21164251.93,-7.00E+07,-61373426,-41634518,-31765064,31765064,41634518,61373426,7.00E+07
4/3/2025 22:00,5770060.01,25693853.21,-19923793.21,-7.00E+07,-61308096,-41565130,-31693647,31693647,41565130,61308096,7.00E+07
4/3/2025 21:00,1935580.11,22250665.82,-20315085.71,-7.00E+07,-61389450,-41651537,-31782581,31782581,41651537,61389450,7.00E+07
4/3/2025 20:00,-4273415.09,-22772101.64,18498686.55,-7.00E+07,-61521437,-41791723,-31926866,31926866,41791723,61521437,7.00E+07
4/3/2025 19:00,-9258901.85,-26450516.54,17191614.69,-7.00E+07,-61684176,-41964570,-32104768,32104768,41964570,61684176,7.00E+07
4/3/2025 18:00,-13478250.33,-29327248.89,15848998.56,-7.00E+07,-61836837,-42126713,-32271651,32271651,42126713,61836837,7.00E+07
4/3/2025 17:00,-13242849.75,-28952804.57,15709954.82,-7.00E+07,-61865429,-42157081,-32302908,32302908,42157081,61865429,7.00E+07
4/3/2025 16:00,-9803282.72,-25478001.75,15674719.03,-7.00E+07,-61802248,-42089976,-32233840,32233840,42089976,61802248,7.00E+07
4/3/2025 15:00,-6297004.09,-23936387.28,17639383.19,-7.00E+07,-61684436,-41964846,-32105052,32105052,41964846,61684436,7.00E+07
4/3/2025 14:00,-3427081.24,-21376577.8,17949496.56,-7.00E+07,-61531334,-41802234,-31937685,31937685,41802234,61531334,7.00E+07
4/3/2025 13:00,-2671138.09,-21459581.07,18788442.98,-7.00E+07,-61322584,-41580518,-31709486,31709486,41580518,61322584,7.00E+07
4/3/2025 12:00,-688370.22,-18463191.82,17774821.6,-7.00E+07,-60983428,-41220296,-31338730,31338730,41220296,60983428,7.00E+07
4/3/2025 11:00,662227.25,16186206.46,-15523979.22,-7.00E+07,-60517937,-40725891,-30829869,30829869,40725891,60517937,7.00E+07
4/3/2025 10:00,1717892.89,15946825.58,-14228932.69,-7.00E+07,-60140825,-40325356,-30417621,30417621,40325356,60140825,7.00E+07
4/3/2025 9:00,-700351.57,-15649296.45,14948944.88,-7.00E+07,-60217007,-40406269,-30500900,30500900,40406269,60217007,7.00E+07
4/3/2025 8:00,-7324892.43,-19608994.28,12284101.84,-7.00E+07,-60876771,-41107013,-31222135,31222135,41107013,60876771,7.00E+07
4/3/2025 7:00,-12245510.7,-21072267.07,8826756.37,-7.00E+07,-61510747,-41780368,-31915179,31915179,41780368,61510747,7.00E+07
4/3/2025 6:00,-15299558.85,-23637965.58,8338406.73,-7.00E+07,-61573963,-41847511,-31984285,31984285,41847511,61573963,7.00E+07
4/3/2025 5:00,-14731304.14,-26530598.14,11799293.99,-7.00E+07,-61725864,-42008847,-32150339,32150339,42008847,61725864,7.00E+07
4/3/2025 4:00,-13824813.3,-28763317.43,14938504.13,-7.00E+07,-61767250,-42052804,-32195581,32195581,42052804,61767250,7.00E+07
4/3/2025 3:00,-12664239.3,-27893193.82,15228954.52,-7.00E+07,-61795388,-42082690,-32226341,32226341,42082690,61795388,7.00E+07
4/3/2025 2:00,-10448375.28,-26700769.34,16252394.06,-7.00E+07,-61757096,-42042019,-32184481,32184481,42042019,61757096,7.00E+07
4/3/2025 1:00,-7334944.4,-25195827.87,17860883.47,-7.00E+07,-61563114,-41835989,-31972426,31972426,41835989,61563114,7.00E+07
4/3/2025 0:00,-4336803.8,-22177990.14,17841186.34,-7.00E+07,-61263188,-41517432,-31644555,31644555,41517432,61263188,7.00E+07
4/2/2025 23:00,-2884810.85,-20956325.05,18071514.19,-7.00E+07,-61007842,-41246226,-31365418,31365418,41246226,61007842,7.00E+07
4/2/2025 22:00,-1835345.6,-20808134.83,18972789.23,-7.00E+07,-60898823,-41130436,-31246242,31246242,41130436,60898823,7.00E+07
4/2/2025 21:00,-2240672.23,-21409622.52,19168950.28,-7.00E+07,-60977406,-41213900,-31332147,31332147,41213900,60977406,7.00E+07
4/2/2025 20:00,-1505050.63,-23000931.75,21495881.12,-7.00E+07,-61128123,-41373978,-31496906,31496906,41373978,61128123,7.00E+07
4/2/2025 19:00,-624383.94,-23807637.47,23183253.54,-7.00E+07,-61318499,-41576179,-31705019,31705019,41576179,61318499,7.00E+07
4/2/2025 18:00,1806345.68,25096493.19,-23290147.51,-7.00E+07,-61510751,-41780373,-31915184,31915184,41780373,61510751,7.00E+07
4/2/2025 17:00,4723608.37,26980878.86,-22257270.49,-7.00E+07,-61568727,-41841951,-31978562,31978562,41841951,61568727,7.00E+07
4/2/2025 16:00,5317024.88,26177071.21,-20860046.33,-7.00E+07,-61500789,-41769792,-31904294,31904294,41769792,61500789,7.00E+07
4/2/2025 15:00,4177462.5,25132544.05,-20955081.55,-7.00E+07,-61357949,-41618080,-31748145,31748145,41618080,61357949,7.00E+07
4/2/2025 14:00,1882350.58,24295889.79,-22413539.2,-7.00E+07,-61160708,-41408587,-31532527,31532527,41408587,61160708,7.00E+07
4/2/2025 13:00,1785913.41,26840428.96,-25054515.54,-7.00E+07,-60893711,-41125006,-31240653,31240653,41125006,60893711,7.00E+07
4/2/2025 12:00,3888332.11,25870397.91,-21982065.8,-7.00E+07,-60482408,-40688156,-30791029,30791029,40688156,60482408,7.00E+07
4/2/2025 11:00,5557979.28,22108896.9,-16550917.62,-7.00E+07,-59923667,-40094709,-30180230,30180230,40094709,59923667,7.00E+07
4/2/2025 10:00,5060139.64,20465735.24,-15405595.6,-7.00E+07,-59486148,-39630013,-29701946,29701946,39630013,59486148,7.00E+07
4/2/2025 9:00,2233375.89,17592520.07,-15359144.18,-7.00E+07,-59571134,-39720278,-29794850,29794850,39720278,59571134,7.00E+07
4/2/2025 8:00,-4673240.9,-18201970.41,13528729.51,-7.00E+07,-60301581,-40496096,-30593354,30593354,40496096,60301581,7.00E+07
4/2/2025 7:00,-10640294.16,-20874404.62,10234110.46,-7.00E+07,-61031649,-41271512,-31391443,31391443,41271512,61031649,7.00E+07
4/2/2025 6:00,-14696251.84,-24445613.77,9749361.93,-7.00E+07,-60962735,-41198318,-31316109,31316109,41198318,60962735,7.00E+07
4/2/2025 5:00,-11390743.29,-22742648.75,11351905.46,-7.00E+07,-61165437,-41413610,-31537696,31537696,41413610,61165437,7.00E+07
4/2/2025 4:00,-7542151.32,-21290881.13,13748729.81,-7.00E+07,-61272829,-41527673,-31655094,31655094,41527673,61272829,7.00E+07
4/2/2025 3:00,-674794.62,-17317892.81,16643098.19,-7.00E+07,-61328505,-41586807,-31715958,31715958,41586807,61328505,7.00E+07
4/2/2025 2:00,5008412.53,20396012.99,-15387600.46,-7.00E+07,-61315727,-41573236,-31701990,31701990,41573236,61315727,7.00E+07
4/2/2025 1:00,8470551.22,25178186.55,-16707635.33,-7.00E+07,-61133598,-41379793,-31502891,31502891,41379793,61133598,7.00E+07
4/2/2025 0:00,11383148.16,27087710.91,-15704562.74,-7.00E+07,-60804753,-41030523,-31143408,31143408,41030523,60804753,7.00E+07
4/1/2025 23:00,14276546.48,28870055.09,-14593508.61,-7.00E+07,-60592360,-40804937,-30911225,30911225,40804937,60592360,7.00E+07
4/1/2025 22:00,11768477.02,27865860.28,-16097383.26,-7.00E+07,-60566299,-40777257,-30882737,30882737,40777257,60566299,7.00E+07
4/1/2025 21:00,6816120.23,24917957.74,-18101837.52,-7.00E+07,-60647426,-40863423,-30971422,30971422,40863423,60647426,7.00E+07
4/1/2025 20:00,1861568.26,23069919.9,-21208351.64,-7.00E+07,-60816980,-41043509,-31156774,31156774,41043509,60816980,7.00E+07
4/1/2025 19:00,-2755019.27,-24767488.57,22012469.3,-7.00E+07,-61004696,-41242885,-31361979,31361979,41242885,61004696,7.00E+07
4/1/2025 18:00,-1997904.01,-24454683.92,22456779.91,-7.00E+07,-61069050,-41311236,-31432329,31432329,41311236,61069050,7.00E+07
4/1/2025 17:00,1041164.46,24319673.72,-23278509.26,-7.00E+07,-61141296,-41387969,-31511306,31511306,41387969,61141296,7.00E+07
4/1/2025 16:00,3089693.68,25920808.07,-22831114.39,-7.00E+07,-61081493,-41324452,-31445931,31445931,41324452,61081493,7.00E+07
4/1/2025 15:00,5495814.81,25705289.81,-20209475,-7.00E+07,-61002249,-41240286,-31359304,31359304,41240286,61002249,7.00E+07
4/1/2025 14:00,7366093.18,26540787.28,-19174694.1,-7.00E+07,-60882727,-41113339,-31228646,31228646,41113339,60882727,7.00E+07
4/1/2025 13:00,10262753.35,28324966.06,-18062212.7,-7.00E+07,-60593946,-40806621,-30912959,30912959,40806621,60593946,7.00E+07
4/1/2025 12:00,13465025.95,29702677.15,-16237651.21,-7.00E+07,-60144079,-40328811,-30421177,30421177,40328811,60144079,7.00E+07
4/1/2025 11:00,17673733.1,31730118.57,-14056385.48,-7.00E+07,-59527041,-39673446,-29746649,29746649,39673446,59527041,7.00E+07
4/1/2025 10:00,16635559.83,30456599.07,-13821039.24,-7.00E+07,-59049399,-39166137,-29224505,29224505,39166137,59049399,7.00E+07
4/1/2025 9:00,12755909.19,28830839.26,-16074930.07,-7.00E+07,-59106939,-39227251,-29287406,29287406,39227251,59106939,7.00E+07
4/1/2025 8:00,3842502.73,23630067.33,-19787564.6,-7.00E+07,-59831636,-39996961,-30079624,30079624,39996961,59831636,7.00E+07
4/1/2025 7:00,-3808087.51,-21722781.53,17914694.02,-7.00E+07,-60635269,-40850511,-30958132,30958132,40850511,60635269,7.00E+07
4/1/2025 6:00,-8575464.48,-25005998.34,16430533.86,-7.00E+07,-61023343,-41262690,-31382364,31382364,41262690,61023343,7.00E+07
4/1/2025 5:00,-6755753.79,-24743422.91,17987669.12,-7.00E+07,-61328447,-41586745,-31715894,31715894,41586745,61328447,7.00E+07
4/1/2025 4:00,-4253585.75,-24189160.17,19935574.43,-7.00E+07,-61581043,-41855031,-31992025,31992025,41855031,61581043,7.00E+07
4/1/2025 3:00,-1764920.06,-24549254.97,22784334.91,-7.00E+07,-61682018,-41962278,-32102408,32102408,41962278,61682018,7.00E+07
4/1/2025 2:00,1034280.32,25018377.42,-23984097.09,-7.00E+07,-61724946,-42007873,-32149336,32149336,42007873,61724946,7.00E+07
4/1/2025 1:00,4183350.04,26813116.28,-22629766.24,-7.00E+07,-61644635,-41922573,-32061542,32061542,41922573,61644635,7.00E+07
4/1/2025 0:00,7772435.58,29010041.79,-21237606.2,-7.00E+07,-61415252,-41678942,-31810787,31810787,41678942,61415252,7.00E+07
3/31/2025 23:00,7393733.34,29196239.85,-21802506.52,-7.00E+07,-61167448,-41415746,-31539895,31539895,41415746,61167448,7.00E+07
3/31/2025 22:00,2922722.97,27021925.48,-24099202.5,-7.00E+07,-61041811,-41282305,-31402552,31402552,41282305,61041811,7.00E+07
3/31/2025 21:00,-3261971.76,-25637424.99,22375453.23,-7.00E+07,-61021715,-41260961,-31380584,31380584,41260961,61021715,7.00E+07
3/31/2025 20:00,-9364102,-27515887,18151785,-7.00E+07,-61199302,-41449579,-31574717,31574717,41449579,61199302,7.00E+07
3/31/2025 19:00,-15754908.9,-30874588.17,15119679.27,-7.00E+07,-61412729,-41676263,-31808029,31808029,41676263,61412729,7.00E+07
3/31/2025 18:00,-23175743.32,-35998172.35,12822429.03,-7.00E+07,-61578165,-41851975,-31988879,31988879,41851975,61578165,7.00E+07
3/31/2025 17:00,-24981663.8,-37717844.25,12736180.45,-7.00E+07,-61380360,-41641883,-31772645,31772645,41641883,61380360,7.00E+07
3/31/2025 16:00,-24394345.4,-37520700.69,13126355.29,-7.00E+07,-61167548,-41415852,-31540004,31540004,41415852,61167548,7.00E+07
3/31/2025 15:00,-19902053.45,-33976764.85,14074711.4,-7.00E+07,-60990835,-41228163,-31346827,31346827,41228163,60990835,7.00E+07
3/31/2025 14:00,-14414422.3,-30005544.02,15591121.72,-7.00E+07,-60830443,-41057808,-31171491,31171491,41057808,60830443,7.00E+07
3/31/2025 13:00,-6753330.6,-26069988.85,19316658.25,-7.00E+07,-60655031,-40871500,-30979735,30979735,40871500,60655031,7.00E+07
3/31/2025 12:00,28813.14,22114500.39,-22085687.25,-7.00E+07,-60213851,-40402918,-30497451,30497451,40402918,60213851,7.00E+07
3/31/2025 11:00,2027976.75,20979052.76,-18951076.01,-7.00E+07,-59668976,-39824197,-29901808,29901808,39824197,59668976,7.00E+07
3/31/2025 10:00,512058.65,19578555.9,-19066497.26,-7.00E+07,-59268311,-39398646,-29463813,29463813,39398646,59268311,7.00E+07
3/31/2025 9:00,-2685853.73,-16928022.08,14242168.35,-7.00E+07,-59447530,-39588997,-29659731,29659731,39588997,59447530,7.00E+07
3/31/2025 8:00,-5865714.18,-16240864.85,10375150.67,-7.00E+07,-60275930,-40468853,-30565314,30565314,40468853,60275930,7.00E+07
3/31/2025 7:00,-7609569.74,-16440868.82,8831299.08,-7.00E+07,-61168904,-41417292,-31541487,31541487,41417292,61168904,7.00E+07
3/31/2025 6:00,-9280378.62,-17605254.67,8324876.05,-7.00E+07,-61582435,-41856510,-31993547,31993547,41856510,61582435,7.00E+07
3/31/2025 5:00,-10543677.6,-21736768.12,11193090.53,-7.00E+07,-61786527,-42073278,-32216654,32216654,42073278,61786527,7.00E+07
3/31/2025 4:00,-8110037.53,-22483676.77,14373639.24,-7.00E+07,-61794485,-42081730,-32225353,32225353,42081730,61794485,7.00E+07
3/31/2025 3:00,-4841688.88,-23188106.11,18346417.23,-7.00E+07,-61854142,-42145094,-32290569,32290569,42145094,61854142,7.00E+07
3/31/2025 2:00,-3185374.29,-22953310.33,19767936.04,-7.00E+07,-61876942,-42169309,-32315493,32315493,42169309,61876942,7.00E+07
3/31/2025 1:00,-3609875.2,-22925626,19315750.8,-7.00E+07,-61759981,-42045084,-32187635,32187635,42045084,61759981,7.00E+07
3/31/2025 0:00,-3923570.06,-22774390,18850819.94,-7.00E+07,-61340812,-41599878,-31729412,31729412,41599878,61340812,7.00E+07
3/30/2025 23:00,-4580089.18,-22111025.37,17530936.19,-7.00E+07,-61076233,-41318865,-31440181,31440181,41318865,61076233,7.00E+07
3/30/2025 22:00,-8346402.69,-24005524.46,15659121.76,-7.00E+07,-60899482,-41131136,-31246963,31246963,41131136,60899482,7.00E+07
3/30/2025 21:00,-12919655.15,-25605672.27,12686017.13,-7.00E+07,-60784835,-41009368,-31121634,31121634,41009368,60784835,7.00E+07
3/30/2025 20:00,-16858501.9,-28277408.17,11418906.27,-7.00E+07,-60831826,-41059277,-31173003,31173003,41059277,60831826,7.00E+07
3/30/2025 19:00,-19200617.04,-28787363.08,9586746.04,-7.00E+07,-60982954,-41219792,-31338211,31338211,41219792,60982954,7.00E+07
3/30/2025 18:00,-19440955.47,-29069741.4,9628785.93,-7.00E+07,-61131202,-41377249,-31500272,31500272,41377249,61131202,7.00E+07
3/30/2025 17:00,-17537275.34,-28798445.82,11261170.49,-7.00E+07,-61072341,-41314731,-31435927,31435927,41314731,61072341,7.00E+07
3/30/2025 16:00,-15667083.35,-29699952.46,14032869.11,-7.00E+07,-60974798,-41211130,-31329296,31329296,41211130,60974798,7.00E+07
3/30/2025 15:00,-12076008.42,-26256517.52,14180509.1,-7.00E+07,-60809577,-41035646,-31148681,31148681,41035646,60809577,7.00E+07
3/30/2025 14:00,-8868544.42,-23837050.12,14968505.7,-7.00E+07,-60596007,-40808811,-30915212,30915212,40808811,60596007,7.00E+07
3/30/2025 13:00,-7409410.65,-22244603.82,14835193.18,-7.00E+07,-60381693,-40581185,-30680930,30680930,40581185,60381693,7.00E+07
3/30/2025 12:00,-7206873.1,-21456495.34,14249622.24,-7.00E+07,-59993551,-40168933,-30256625,30256625,40168933,59993551,7.00E+07
3/30/2025 11:00,-9303199.2,-21299713.76,11996514.56,-7.00E+07,-59687612,-39843991,-29922181,29922181,39843991,59687612,7.00E+07
3/30/2025 10:00,-19661927.51,-25794930.28,6133002.77,-7.00E+07,-59819108,-39983655,-30065928,30065928,39983655,59819108,7.00E+07
3/30/2025 9:00,-24200692.02,-30491238.28,6290546.26,-7.00E+07,-60405604,-40606580,-30707069,30707069,40606580,60405604,7.00E+07
3/30/2025 8:00,-25789078.88,-32399713.23,6610634.35,-7.00E+07,-61112205,-41357072,-31479505,31479505,41357072,61112205,7.00E+07
3/30/2025 7:00,-23529716.34,-30812170.97,7282454.63,-7.00E+07,-61562139,-41834953,-31971360,31971360,41834953,61562139,7.00E+07
3/30/2025 6:00,-22954906.81,-30980412.79,8025505.98,-7.00E+07,-61518739,-41788857,-31923916,31923916,41788857,61518739,7.00E+07
3/30/2025 5:00,-17610511.56,-26873059.9,9262548.34,-7.00E+07,-61605128,-41880612,-32018354,32018354,41880612,61605128,7.00E+07
3/30/2025 4:00,-10949244.88,-23263976.58,12314731.7,-7.00E+07,-61649757,-41928014,-32067142,32067142,41928014,61649757,7.00E+07
3/30/2025 3:00,-5744265.72,-21013031.76,15268766.04,-7.00E+07,-61640675,-41918367,-32057213,32057213,41918367,61640675,7.00E+07
3/30/2025 1:00,-3235537.62,-20166646.97,16931109.35,-7.00E+07,-61461793,-41728374,-31861664,31861664,41728374,61461793,7.00E+07
3/30/2025 0:00,121643.3,18999584.19,-18877940.89,-7.00E+07,-61148636,-41395766,-31519330,31519330,41395766,61148636,7.00E+07
3/29/2025 23:00,2733451.56,20706069.46,-17972617.9,-7.00E+07,-60927311,-41160693,-31277384,31277384,41160693,60927311,7.00E+07
3/29/2025 22:00,1802375.04,20203439.37,-18401064.33,-7.00E+07,-60772349,-40996105,-31107984,31107984,40996105,60772349,7.00E+07
3/29/2025 21:00,300049.05,20296346.03,-19996296.99,-7.00E+07,-60685631,-40904002,-31013187,31013187,40904002,60685631,7.00E+07
3/29/2025 20:00,-5162822.57,-22971541.98,17808719.41,-7.00E+07,-60873500,-41103540,-31218560,31218560,41103540,60873500,7.00E+07
3/29/2025 19:00,-13602365.31,-26801725.72,13199360.41,-7.00E+07,-61193313,-41443217,-31568170,31568170,41443217,61193313,7.00E+07
3/29/2025 18:00,-21403441.17,-32838592.97,11435151.81,-7.00E+07,-61443357,-41708793,-31841511,31841511,41708793,61443357,7.00E+07
3/29/2025 17:00,-21207691.6,-32631872.8,11424181.2,-7.00E+07,-61504734,-41773983,-31908607,31908607,41773983,61504734,7.00E+07
3/29/2025 16:00,-14378433.83,-28458146.89,14079713.06,-7.00E+07,-61399521,-41662234,-31793590,31793590,41662234,61399521,7.00E+07
3/29/2025 15:00,-9543464.17,-24614263.94,15070799.78,-7.00E+07,-61211115,-41462126,-31587631,31587631,41462126,61211115,7.00E+07
3/29/2025 14:00,-4242195.74,-21551447.02,17309251.28,-7.00E+07,-61106308,-41350808,-31473058,31473058,41350808,61106308,7.00E+07
3/29/2025 13:00,-1074893.5,-18632129.97,17557236.48,-7.00E+07,-60956661,-41191866,-31309469,31309469,41191866,60956661,7.00E+07
3/29/2025 12:00,-2091313.55,-17926734.9,15835421.35,-7.00E+07,-60688779,-40907345,-31016628,31016628,40907345,60688779,7.00E+07
3/29/2025 11:00,-3027915.62,-19549269.15,16521353.53,-7.00E+07,-60193939,-40381768,-30475683,30475683,40381768,60193939,7.00E+07
3/29/2025 10:00,-3637417.18,-17962541.67,14325124.5,-7.00E+07,-59811002,-39975045,-30057067,30057067,39975045,59811002,7.00E+07
3/29/2025 9:00,-2282260.25,-14816941.38,12534681.12,-7.00E+07,-59993214,-40168575,-30256256,30256256,40168575,59993214,7.00E+07
3/29/2025 8:00,-1417831.93,-12660788.95,11242957.02,-7.00E+07,-60709242,-40929079,-31038997,31038997,40929079,60709242,7.00E+07
3/29/2025 7:00,-459474.91,-11869517.8,11410042.89,-7.00E+07,-61343538,-41602774,-31732392,31732392,41602774,61343538,7.00E+07
3/29/2025 6:00,-1109234.29,-11722772.52,10613538.24,-7.00E+07,-61324775,-41582845,-31711880,31711880,41582845,61324775,7.00E+07
3/29/2025 5:00,2267084.32,15814839.61,-13547755.29,-7.00E+07,-61429638,-41694222,-31826513,31826513,41694222,61429638,7.00E+07
3/29/2025 4:00,1999191.89,20062539.94,-18063348.05,-7.00E+07,-61484455,-41752444,-31886438,31886438,41752444,61484455,7.00E+07
3/29/2025 3:00,2974802.02,24973613.93,-21998811.91,-7.00E+07,-61503158,-41772308,-31906883,31906883,41772308,61503158,7.00E+07
3/29/2025 2:00,7016783.58,27813853.09,-20797069.51,-7.00E+07,-61747294,-42031609,-32173766,32173766,42031609,61747294,7.00E+07
3/29/2025 1:00,10423772.6,30045261.53,-19621488.93,-7.00E+07,-61557399,-41829919,-31966178,31966178,41829919,61557399,7.00E+07
3/29/2025 0:00,12018254.87,30259656.33,-18241401.47,-7.00E+07,-61205824,-41456506,-31581847,31581847,41456506,61205824,7.00E+07
3/28/2025 23:00,14781708.03,31356173.46,-16574465.43,-7.00E+07,-60946672,-41181257,-31298550,31298550,41181257,60946672,7.00E+07
3/28/2025 22:00,14353955.71,30679371.11,-16325415.4,-7.00E+07,-60703234,-40922698,-31032430,31032430,40922698,60703234,7.00E+07
3/28/2025 21:00,10668073.29,28414470.31,-17746397.02,-7.00E+07,-60503987,-40711075,-30814619,30814619,40711075,60503987,7.00E+07
3/28/2025 20:00,4691100.81,23655838.15,-18964737.34,-7.00E+07,-60523884,-40732208,-30836370,30836370,40732208,60523884,7.00E+07
3/28/2025 19:00,551130.81,21391054.6,-20839923.79,-7.00E+07,-60699043,-40918246,-31027848,31027848,40918246,60699043,7.00E+07
3/28/2025 18:00,-8117061.86,-23418355.99,15301294.12,-7.00E+07,-60863679,-41093109,-31207823,31207823,41093109,60863679,7.00E+07
3/28/2025 17:00,-17379737.17,-29536820.77,12157083.6,-7.00E+07,-60993016,-41230479,-31349211,31349211,41230479,60993016,7.00E+07
3/28/2025 16:00,-19354772.9,-30562729.38,11207956.48,-7.00E+07,-61003362,-41241468,-31360521,31360521,41241468,61003362,7.00E+07
3/28/2025 15:00,-14675286.57,-28979493.54,14304206.97,-7.00E+07,-60728890,-40949947,-31060476,31060476,40949947,60728890,7.00E+07
3/28/2025 14:00,-9672469.35,-27014013.92,17341544.57,-7.00E+07,-60676241,-40894028,-31002922,31002922,40894028,60676241,7.00E+07
3/28/2025 13:00,-6477316.57,-26491000.11,20013683.54,-7.00E+07,-60584172,-40796240,-30902274,30902274,40796240,60584172,7.00E+07
3/28/2025 12:00,-4592024.94,-27287451.12,22695426.17,-7.00E+07,-60547250,-40757025,-30861913,30861913,40757025,60547250,7.00E+07
3/28/2025 11:00,-3273313.8,-25984631.36,22711317.56,-7.00E+07,-60127935,-40311665,-30403529,30403529,40311665,60127935,7.00E+07
3/28/2025 10:00,-6725937.9,-24836902.97,18110965.07,-7.00E+07,-59645610,-39799380,-29876265,29876265,39799380,59645610,7.00E+07
3/28/2025 9:00,-9387416.6,-24127484.7,14740068.1,-7.00E+07,-59574634,-39723995,-29798676,29798676,39723995,59574634,7.00E+07
3/28/2025 8:00,-12464490.29,-23860580.5,11396090.21,-7.00E+07,-60256534,-40448252,-30544110,30544110,40448252,60256534,7.00E+07
3/28/2025 7:00,-16139215.21,-24530836.02,8391620.8,-7.00E+07,-61148068,-41395162,-31518709,31518709,41395162,61148068,7.00E+07
3/28/2025 6:00,-17434510.82,-25045590.59,7611079.76,-7.00E+07,-61365224,-41625807,-31756098,31756098,41625807,61365224,7.00E+07
3/28/2025 5:00,-20288750.97,-27252158.92,6963407.95,-7.00E+07,-61591954,-41866620,-32003953,32003953,41866620,61591954,7.00E+07
3/28/2025 4:00,-21919811.54,-29292735.96,7372924.41,-7.00E+07,-61690780,-41971584,-32111987,32111987,41971584,61690780,7.00E+07
3/28/2025 3:00,-18952921.1,-29586532.15,10633611.06,-7.00E+07,-61741472,-42025425,-32167402,32167402,42025425,61741472,7.00E+07
3/28/2025 2:00,-13640695.76,-29158083.06,15517387.3,-7.00E+07,-61762702,-42047973,-32190609,32190609,42047973,61762702,7.00E+07
3/28/2025 1:00,-7992422.91,-28457404.27,20464981.36,-7.00E+07,-61589924,-41864464,-32001734,32001734,41864464,61589924,7.00E+07
3/28/2025 0:00,-3438934.8,-26779781.07,23340846.27,-7.00E+07,-61236380,-41488960,-31615249,31615249,41488960,61236380,7.00E+07
3/27/2025 23:00,87927.34,25017793.48,-24929866.14,-7.00E+07,-60938791,-41172886,-31289934,31289934,41172886,60938791,7.00E+07
3/27/2025 22:00,1043975.37,23080947.77,-22036972.4,-7.00E+07,-60742972,-40964905,-31075871,31075871,40964905,60742972,7.00E+07
3/27/2025 21:00,-2764125.56,-22622786.73,19858661.18,-7.00E+07,-60654402,-40870833,-30979048,30979048,40870833,60654402,7.00E+07
3/27/2025 20:00,-8505540.96,-25368328.75,16862787.79,-7.00E+07,-60895503,-41126910,-31242613,31242613,41126910,60895503,7.00E+07
3/27/2025 19:00,-14750913.54,-28498564.18,13747650.64,-7.00E+07,-61265234,-41519606,-31646792,31646792,41519606,61265234,7.00E+07
3/27/2025 18:00,-16964596.32,-31735516.55,14770920.23,-7.00E+07,-61480774,-41748534,-31882414,31882414,41748534,61480774,7.00E+07
3/27/2025 17:00,-16626380.03,-32036637.89,15410257.86,-7.00E+07,-61512296,-41782014,-31916873,31916873,41782014,61512296,7.00E+07
3/27/2025 16:00,-12352842.66,-29966619.21,17613776.55,-7.00E+07,-61461803,-41728385,-31861676,31861676,41728385,61461803,7.00E+07
3/27/2025 15:00,-11290720.03,-30688382.39,19397662.36,-7.00E+07,-61358755,-41618936,-31749027,31749027,41618936,61358755,7.00E+07
3/27/2025 14:00,-10764190.35,-32228730.85,21464540.5,-7.00E+07,-61186674,-41436166,-31560912,31560912,41436166,61186674,7.00E+07
3/27/2025 13:00,-9094889.55,-32204559.08,23109669.53,-7.00E+07,-60958205,-41193507,-31311157,31311157,41193507,60958205,7.00E+07
3/27/2025 12:00,-4775108.61,-26350745.17,21575636.55,-7.00E+07,-60579944,-40791750,-30897653,30897653,40791750,60579944,7.00E+07
3/27/2025 11:00,-1490233.29,-21765910.01,20275676.72,-7.00E+07,-59982385,-40157073,-30244418,30244418,40157073,59982385,7.00E+07
3/27/2025 10:00,4824206.55,21074153.82,-16249947.27,-7.00E+07,-59281458,-39412609,-29478185,29478185,39412609,59281458,7.00E+07
3/27/2025 9:00,6163391.42,21071605.58,-14908214.17,-7.00E+07,-59076097,-39194492,-29253690,29253690,39194492,59076097,7.00E+07
3/27/2025 8:00,4527643.7,18634709.88,-14107066.18,-7.00E+07,-59712341,-39870256,-29949214,29949214,39870256,59712341,7.00E+07
3/27/2025 7:00,-411165.1,-14304229.47,13893064.37,-7.00E+07,-60627239,-40841982,-30949354,30949354,40841982,60627239,7.00E+07
3/27/2025 6:00,-5732426.39,-16917262.59,11184836.2,-7.00E+07,-61100367,-41344499,-31466564,31466564,41344499,61100367,7.00E+07
3/27/2025 5:00,-2358636.03,-16458421.07,14099785.04,-7.00E+07,-61299296,-41555783,-31684027,31684027,41555783,61299296,7.00E+07
3/27/2025 4:00,1579416.53,18714862.41,-17135445.88,-7.00E+07,-61420407,-41684417,-31816423,31816423,41684417,61420407,7.00E+07
3/27/2025 3:00,7252180.36,22086221.5,-14834041.13,-7.00E+07,-61512256,-41781971,-31916829,31916829,41781971,61512256,7.00E+07
3/27/2025 2:00,12172595.88,26692024.89,-14519429,-7.00E+07,-61569854,-41843147,-31979794,31979794,41843147,61569854,7.00E+07
3/27/2025 1:00,14672588.61,27612111.81,-12939523.19,-7.00E+07,-61450484,-41716362,-31849302,31849302,41716362,61450484,7.00E+07
3/27/2025 0:00,17067389.66,29766256.9,-12698867.24,-7.00E+07,-61083712,-41326809,-31448357,31448357,41326809,61083712,7.00E+07
3/26/2025 23:00,18540244.36,32531813,-13991568.64,-7.00E+07,-60777369,-41001437,-31113472,31113472,41001437,60777369,7.00E+07
3/26/2025 22:00,18180968.16,32885849,-14704880.84,-7.00E+07,-60569347,-40780494,-30886068,30886068,40780494,60569347,7.00E+07
3/26/2025 21:00,19109334.52,33629748.06,-14520413.54,-7.00E+07,-60439829,-40642932,-30744483,30744483,40642932,60439829,7.00E+07
3/26/2025 20:00,16156823.92,31963998.61,-15807174.68,-7.00E+07,-60582778,-40794760,-30900751,30900751,40794760,60582778,7.00E+07
3/26/2025 19:00,16179574.01,32059346.71,-15879772.7,-7.00E+07,-60857209,-41086237,-31200751,31200751,41086237,60857209,7.00E+07
3/26/2025 18:00,15321023.57,30340545.15,-15019521.57,-7.00E+07,-61102799,-41347081,-31469222,31469222,41347081,61102799,7.00E+07
3/26/2025 17:00,17328823.02,31688219.03,-14359396.01,-7.00E+07,-61179572,-41428623,-31553149,31553149,41428623,61179572,7.00E+07
3/26/2025 16:00,20575720.07,33419903.61,-12844183.55,-7.00E+07,-60919892,-41152813,-31269274,31269274,41152813,60919892,7.00E+07
3/26/2025 15:00,22258130.16,35772522.28,-13514392.12,-7.00E+07,-60754067,-40976688,-31087999,31087999,40976688,60754067,7.00E+07
3/26/2025 14:00,24880422.21,39573502.4,-14693080.18,-7.00E+07,-60582846,-40794832,-30900825,30900825,40794832,60582846,7.00E+07
3/26/2025 13:00,24892519.71,38236719.02,-13344199.31,-7.00E+07,-60427339,-40629666,-30730829,30730829,40629666,60427339,7.00E+07
3/26/2025 12:00,21135756.42,33114197.96,-11978441.54,-7.00E+07,-60206915,-40395550,-30489868,30489868,40395550,60206915,7.00E+07
3/26/2025 11:00,13801376.83,26794217.35,-12992840.52,-7.00E+07,-59828238,-39993352,-30075909,30075909,39993352,59828238,7.00E+07
3/26/2025 10:00,8629714.25,22977689.65,-14347975.4,-7.00E+07,-59484139,-39627880,-29699750,29699750,39627880,59484139,7.00E+07
3/26/2025 9:00,6445100.99,20783359.63,-14338258.64,-7.00E+07,-59502995,-39647907,-29720363,29720363,39647907,59502995,7.00E+07
3/26/2025 8:00,1619219.33,17292527.9,-15673308.57,-7.00E+07,-60196225,-40384197,-30478182,30478182,40384197,60196225,7.00E+07
3/26/2025 7:00,-2877079.53,-17505312.74,14628233.21,-7.00E+07,-61054149,-41295409,-31416040,31416040,41295409,61054149,7.00E+07
3/26/2025 6:00,-5095430.12,-18502215.62,13406785.5,-7.00E+07,-61407314,-41670511,-31802110,31802110,41670511,61407314,7.00E+07
3/26/2025 5:00,-3691463.25,-20083810.12,16392346.87,-7.00E+07,-61553270,-41825533,-31961664,31961664,41825533,61553270,7.00E+07
3/26/2025 4:00,-1317085.63,-20420134.5,19103048.87,-7.00E+07,-61623835,-41900481,-32038804,32038804,41900481,61623835,7.00E+07
3/26/2025 3:00,1909327.39,22059597.29,-20150269.9,-7.00E+07,-61651822,-41930207,-32069399,32069399,41930207,61651822,7.00E+07
3/26/2025 2:00,3592747.84,23292976.26,-19700228.41,-7.00E+07,-61629840,-41906859,-32045369,32045369,41906859,61629840,7.00E+07
3/26/2025 1:00,6261210.28,23768616.31,-17507406.03,-7.00E+07,-61449660,-41715487,-31848400,31848400,41715487,61449660,7.00E+07
3/26/2025 0:00,10499196.49,27237479.33,-16738282.84,-7.00E+07,-61297171,-41553527,-31681705,31681705,41553527,61297171,7.00E+07
3/25/2025 23:00,16537527.69,33339107.4,-16801579.71,-7.00E+07,-60959918,-41195326,-31313029,31313029,41195326,60959918,7.00E+07
3/25/2025 22:00,18765287.16,34967928.9,-16202641.74,-7.00E+07,-60698981,-40918180,-31027780,31027780,40918180,60698981,7.00E+07
3/25/2025 21:00,21005218.86,34438967.41,-13433748.55,-7.00E+07,-60508687,-40716067,-30819757,30819757,40716067,60508687,7.00E+07
3/25/2025 20:00,17069261.75,30804467.54,-13735205.79,-7.00E+07,-60560301,-40770886,-30876179,30876179,40770886,60560301,7.00E+07
3/25/2025 19:00,12005520.14,28011375.92,-16005855.78,-7.00E+07,-60812023,-41038244,-31151355,31151355,41038244,60812023,7.00E+07
3/25/2025 18:00,3486044.89,25026426.49,-21540381.6,-7.00E+07,-61188367,-41437964,-31562763,31562763,41437964,61188367,7.00E+07
3/25/2025 17:00,-1485769.83,-24871304.43,23385534.6,-7.00E+07,-61392475,-41654750,-31785888,31785888,41654750,61392475,7.00E+07
3/25/2025 16:00,-1510650.3,-24231369.77,22720719.47,-7.00E+07,-61139445,-41386003,-31509282,31509282,41386003,61139445,7.00E+07
3/25/2025 15:00,1988468.77,23320719.46,-21332250.69,-7.00E+07,-61095137,-41338943,-31460846,31460846,41338943,61095137,7.00E+07
3/25/2025 14:00,4954088.91,23929416.53,-18975327.62,-7.00E+07,-60955903,-41191061,-31308640,31308640,41191061,60955903,7.00E+07
3/25/2025 13:00,6507931.6,23986915.9,-17478984.3,-7.00E+07,-60782786,-41007191,-31119394,31119394,41007191,60782786,7.00E+07
3/25/2025 12:00,7857157.22,24744732.78,-16887575.55,-7.00E+07,-60581503,-40793406,-30899357,30899357,40793406,60581503,7.00E+07
3/25/2025 11:00,8989975.36,23528089.3,-14538113.93,-7.00E+07,-60183530,-40370712,-30464304,30464304,40370712,60183530,7.00E+07
3/25/2025 10:00,8606360.27,22780507.83,-14174147.56,-7.00E+07,-59715771,-39873900,-29952964,29952964,39873900,59715771,7.00E+07
3/25/2025 9:00,3491128.68,17773040.11,-14281911.43,-7.00E+07,-59663309,-39818179,-29895613,29895613,39818179,59663309,7.00E+07
3/25/2025 8:00,-3736918.41,-17477728.82,13740810.41,-7.00E+07,-60309822,-40504849,-30602363,30602363,40504849,60309822,7.00E+07
3/25/2025 7:00,-10832697.46,-22828000.67,11995303.21,-7.00E+07,-61125361,-41371045,-31493887,31493887,41371045,61125361,7.00E+07
3/25/2025 6:00,-15926526.35,-26408812.51,10482286.16,-7.00E+07,-61516199,-41786159,-31921139,31921139,41786159,61516199,7.00E+07
3/25/2025 5:00,-13505347.59,-24710604.66,11205257.08,-7.00E+07,-61649312,-41927541,-32066655,32066655,41927541,61649312,7.00E+07
3/25/2025 4:00,-9394006.53,-24697437.93,15303431.4,-7.00E+07,-61718980,-42001536,-32142814,32142814,42001536,61718980,7.00E+07
3/25/2025 3:00,-4250500.79,-23921197.55,19670696.76,-7.00E+07,-61767089,-42052633,-32195405,32195405,42052633,61767089,7.00E+07
3/25/2025 2:00,-536121.92,-22472975.22,21936853.3,-7.00E+07,-61837988,-42127936,-32272910,32272910,42127936,61837988,7.00E+07
3/25/2025 1:00,3692422.45,24573723.36,-20881300.91,-7.00E+07,-61694563,-41975603,-32116122,32116122,41975603,61694563,7.00E+07
3/25/2025 0:00,9757896.08,27800309.83,-18042413.75,-7.00E+07,-61409351,-41672674,-31804336,31804336,41672674,61409351,7.00E+07
3/24/2025 23:00,14351859.87,30502768.97,-16150909.1,-7.00E+07,-61171747,-41420312,-31544595,31544595,41420312,61171747,7.00E+07
3/24/2025 22:00,17390755.89,30711398.63,-13320642.74,-7.00E+07,-61043491,-41284089,-31404389,31404389,41284089,61043491,7.00E+07
3/24/2025 21:00,16172610.42,31007557.56,-14834947.13,-7.00E+07,-61060284,-41301925,-31422746,31422746,41301925,61060284,7.00E+07
3/24/2025 20:00,13744125.5,29867218.84,-16123093.34,-7.00E+07,-61210081,-41461027,-31586500,31586500,41461027,61210081,7.00E+07
3/24/2025 19:00,12493930.37,30576058.99,-18082128.62,-7.00E+07,-61486288,-41754391,-31888442,31888442,41754391,61486288,7.00E+07
3/24/2025 18:00,8469793.44,31046141.5,-22576348.07,-7.00E+07,-61711972,-41994093,-32135153,32135153,41994093,61711972,7.00E+07
3/24/2025 17:00,3587004.64,32637893.25,-29050888.61,-7.00E+07,-61734231,-42017734,-32159486,32159486,42017734,61734231,7.00E+07
3/24/2025 16:00,770723.73,31896687.06,-31125963.34,-7.00E+07,-61676467,-41956382,-32096340,32096340,41956382,61676467,7.00E+07
3/24/2025 15:00,1831015.38,30533675.7,-28702660.32,-7.00E+07,-61500660,-41769655,-31904153,31904153,41769655,61500660,7.00E+07
3/24/2025 14:00,4846727.79,28589100.29,-23742372.5,-7.00E+07,-61360993,-41621313,-31751473,31751473,41621313,61360993,7.00E+07
3/24/2025 13:00,3587152.02,27565555.29,-23978403.27,-7.00E+07,-61146422,-41393414,-31516910,31516910,41393414,61146422,7.00E+07
3/24/2025 12:00,1551943.14,25795535.97,-24243592.82,-7.00E+07,-60917520,-41150294,-31266681,31266681,41150294,60917520,7.00E+07
3/24/2025 11:00,378435.4,22415987.89,-22037552.49,-7.00E+07,-60598822,-40811800,-30918290,30918290,40811800,60598822,7.00E+07
3/24/2025 10:00,-1113300.89,-21297388.6,20184087.71,-7.00E+07,-60351288,-40548891,-30647692,30647692,40548891,60351288,7.00E+07
3/24/2025 9:00,-4041907.69,-21537931.16,17496023.47,-7.00E+07,-60428650,-40631059,-30732263,30732263,40631059,60428650,7.00E+07
3/24/2025 8:00,-7381514.42,-21397916.85,14016402.43,-7.00E+07,-61020115,-41259261,-31378834,31378834,41259261,61020115,7.00E+07
3/24/2025 7:00,-10006591.07,-20688153.02,10681561.95,-7.00E+07,-61692971,-41973911,-32114381,32114381,41973911,61692971,7.00E+07
3/24/2025 6:00,-11619124.05,-20152802.39,8533678.33,-7.00E+07,-61818291,-42107015,-32251377,32251377,42107015,61818291,7.00E+07
3/24/2025 5:00,-12236987.52,-21996283.97,9759296.45,-7.00E+07,-61927729,-42223252,-32371013,32371013,42223252,61927729,7.00E+07
3/24/2025 4:00,-9891058.17,-22575903.86,12684845.68,-7.00E+07,-61980804,-42279623,-32429032,32429032,42279623,61980804,7.00E+07
3/24/2025 3:00,-7365854.81,-22784085.18,15418230.37,-7.00E+07,-61991003,-42290455,-32440181,32440181,42290455,61991003,7.00E+07
3/24/2025 2:00,-4549626.17,-22433077.78,17883451.61,-7.00E+07,-61912384,-42206953,-32354238,32354238,42206953,61912384,7.00E+07
3/24/2025 1:00,-1276923.85,-21318662.55,20041738.7,-7.00E+07,-61805380,-42093302,-32237264,32237264,42093302,61805380,7.00E+07
3/24/2025 0:00,513350.24,21447482.39,-20934132.15,-7.00E+07,-61601237,-41876479,-32014100,32014100,41876479,61601237,7.00E+07
3/23/2025 23:00,3856954.24,23382381.88,-19525427.63,-7.00E+07,-61451465,-41717404,-31850374,31850374,41717404,61451465,7.00E+07
3/23/2025 22:00,5475766.08,24126530.59,-18650764.51,-7.00E+07,-61363263,-41623724,-31753954,31753954,41623724,61363263,7.00E+07
3/23/2025 21:00,3071566.89,22052951.8,-18981384.91,-7.00E+07,-61288414,-41544226,-31672131,31672131,41544226,61288414,7.00E+07
3/23/2025 20:00,-2272318.72,-20468423.58,18196104.86,-7.00E+07,-61315287,-41572767,-31701508,31701508,41572767,61315287,7.00E+07
3/23/2025 19:00,-8780647.3,-21505856.46,12725209.16,-7.00E+07,-61501774,-41770839,-31905371,31905371,41770839,61501774,7.00E+07
3/23/2025 18:00,-12716370.86,-22173051.86,9456681,-7.00E+07,-61682227,-41962500,-32102637,32102637,41962500,61682227,7.00E+07
3/23/2025 17:00,-12308280.69,-20673899.99,8365619.3,-7.00E+07,-61679618,-41959729,-32099785,32099785,41959729,61679618,7.00E+07
3/23/2025 16:00,-10082035.35,-18873603.66,8791568.3,-7.00E+07,-61620259,-41896683,-32034894,32034894,41896683,61620259,7.00E+07
3/23/2025 15:00,-7968848.97,-17471203.32,9502354.35,-7.00E+07,-61468893,-41735915,-31869426,31869426,41735915,61468893,7.00E+07
3/23/2025 14:00,-5850944.51,-16990402.32,11139457.81,-7.00E+07,-61291241,-41547228,-31675222,31675222,41547228,61291241,7.00E+07
3/23/2025 13:00,-4856461.16,-16754768.98,11898307.83,-7.00E+07,-61090880,-41334422,-31456193,31456193,41334422,61090880,7.00E+07
3/23/2025 12:00,-3127667.92,-16163903.54,13036235.62,-7.00E+07,-60850763,-41079390,-31193704,31193704,41079390,60850763,7.00E+07
3/23/2025 11:00,-2911282.25,-16696403.07,13785120.82,-7.00E+07,-60608727,-40822320,-30929117,30929117,40822320,60608727,7.00E+07
3/23/2025 10:00,-5126141.17,-17841360.34,12715219.17,-7.00E+07,-60569624,-40780788,-30886371,30886371,40780788,60569624,7.00E+07
3/23/2025 9:00,-6257415.59,-16914693.1,10657277.51,-7.00E+07,-60843572,-41071753,-31185843,31185843,41071753,60843572,7.00E+07
3/23/2025 8:00,-5379954.71,-15261438.07,9881483.36,-7.00E+07,-61326472,-41584648,-31713736,31713736,41584648,61326472,7.00E+07
3/23/2025 7:00,-4186370.05,-13798683.44,9612313.39,-7.00E+07,-61705828,-41987566,-32128436,32128436,41987566,61705828,7.00E+07
3/23/2025 6:00,-380837.95,-11248815.42,10867977.47,-7.00E+07,-62084816,-42390096,-32542736,32542736,42390096,62084816,7.00E+07
3/23/2025 5:00,-1429350.04,-15193867.41,13764517.37,-7.00E+07,-62117592,-42424908,-32578565,32578565,42424908,62117592,7.00E+07
3/23/2025 4:00,-3617970.28,-19296198.68,15678228.4,-7.00E+07,-62133012,-42441285,-32595422,32595422,42441285,62133012,7.00E+07
3/23/2025 3:00,-3610588.09,-21726240.29,18115652.19,-7.00E+07,-62135881,-42444332,-32598558,32598558,42444332,62135881,7.00E+07
3/23/2025 2:00,-1900658.96,-22216972.49,20316313.52,-7.00E+07,-62110426,-42417296,-32570731,32570731,42417296,62110426,7.00E+07
3/23/2025 1:00,-77750.83,-22964816.13,22887065.3,-7.00E+07,-61996023,-42295787,-32445669,32445669,42295787,61996023,7.00E+07
3/23/2025 0:00,1361164.25,25349449.16,-23988284.92,-7.00E+07,-61827713,-42117022,-32261677,32261677,42117022,61827713,7.00E+07
3/22/2025 23:00,2321418.62,26599690.35,-24278271.72,-7.00E+07,-61756090,-42040951,-32183382,32183382,42040951,61756090,7.00E+07
3/22/2025 22:00,1821210.7,26934239.25,-25113028.55,-7.00E+07,-61729374,-42012575,-32154176,32154176,42012575,61729374,7.00E+07
3/22/2025 21:00,-638791.45,-26038904.71,25400113.26,-7.00E+07,-61612886,-41888852,-32026835,32026835,41888852,61612886,7.00E+07
3/22/2025 20:00,-2847545.11,-28539732.24,25692187.12,-7.00E+07,-61675494,-41955349,-32095277,32095277,41955349,61675494,7.00E+07
3/22/2025 19:00,-6342556.62,-28903376.63,22560820.01,-7.00E+07,-61813201,-42101609,-32245813,32245813,42101609,61813201,7.00E+07
3/22/2025 18:00,-9844105.89,-29438690.21,19594584.31,-7.00E+07,-61894542,-42188003,-32334733,32334733,42188003,61894542,7.00E+07
3/22/2025 17:00,-13237234.34,-29854563.63,16617329.29,-7.00E+07,-61897341,-42190976,-32337793,32337793,42190976,61897341,7.00E+07
3/22/2025 16:00,-13540592.06,-28744053.49,15203461.43,-7.00E+07,-61847088,-42137601,-32282857,32282857,42137601,61847088,7.00E+07
3/22/2025 15:00,-14296000.3,-29376915.62,15080915.31,-7.00E+07,-61785264,-42071937,-32215273,32215273,42071937,61785264,7.00E+07
3/22/2025 14:00,-13114595.66,-28365680.82,15251085.17,-7.00E+07,-61662765,-41941829,-32081361,32081361,41941829,61662765,7.00E+07
3/22/2025 13:00,-13111174.71,-28019971.5,14908796.79,-7.00E+07,-61554967,-41827335,-31963519,31963519,41827335,61554967,7.00E+07
3/22/2025 12:00,-13253662.23,-28307706.31,15054044.09,-7.00E+07,-61328679,-41586991,-31716148,31716148,41586991,61328679,7.00E+07
3/22/2025 11:00,-14198456.47,-27522274.26,13323817.79,-7.00E+07,-61035342,-41275434,-31395480,31395480,41275434,61035342,7.00E+07
3/22/2025 10:00,-19139572.63,-29563006.07,10423433.44,-7.00E+07,-60883301,-41113950,-31229274,31229274,41113950,60883301,7.00E+07
3/22/2025 9:00,-21052482.4,-29463579.36,8411096.96,-7.00E+07,-61101351,-41345544,-31467640,31467640,41345544,61101351,7.00E+07
3/22/2025 8:00,-19888280.4,-27702701.39,7814420.99,-7.00E+07,-61603365,-41878739,-32016426,32016426,41878739,61603365,7.00E+07
3/22/2025 7:00,-18431083.7,-25789836.56,7358752.86,-7.00E+07,-61993335,-42292933,-32442731,32442731,42292933,61993335,7.00E+07
3/22/2025 6:00,-16692911.4,-24081458.78,7388547.38,-7.00E+07,-61736301,-42019933,-32161749,32161749,42019933,61736301,7.00E+07
3/22/2025 5:00,-13763291.43,-21755249.14,7991957.71,-7.00E+07,-61778624,-42064885,-32208015,32208015,42064885,61778624,7.00E+07
3/22/2025 4:00,-11718334.51,-21449886.27,9731551.76,-7.00E+07,-61793974,-42081188,-32224795,32224795,42081188,61793974,7.00E+07
3/22/2025 3:00,-9631541.89,-22804411.9,13172870,-7.00E+07,-61790923,-42077948,-32221460,32221460,42077948,61790923,7.00E+07
3/22/2025 2:00,-6816322.8,-23011839.74,16195516.95,-7.00E+07,-61751517,-42036094,-32178383,32178383,42036094,61751517,7.00E+07
3/22/2025 1:00,-5641730.75,-22622426.52,16980695.78,-7.00E+07,-61615648,-41891785,-32029854,32029854,41891785,61615648,7.00E+07
3/22/2025 0:00,-1942620.24,-22812776.16,20870155.92,-7.00E+07,-61378483,-41639890,-31770593,31770593,41639890,61378483,7.00E+07
3/21/2025 23:00,762574.67,22408633.07,-21646058.39,-7.00E+07,-61187014,-41436527,-31561284,31561284,41436527,61187014,7.00E+07
3/21/2025 22:00,5646436.41,24073071.76,-18426635.35,-7.00E+07,-61038396,-41278678,-31398819,31398819,41278678,61038396,7.00E+07
3/21/2025 21:00,7536954.38,23529352.01,-15992397.63,-7.00E+07,-60903024,-41134897,-31250834,31250834,41134897,60903024,7.00E+07
3/21/2025 20:00,6542393.92,22094626.11,-15552232.19,-7.00E+07,-60983943,-41220843,-31339293,31339293,41220843,60983943,7.00E+07
3/21/2025 19:00,4711005.92,19655872.61,-14944866.69,-7.00E+07,-61082727,-41325762,-31447280,31447280,41325762,61082727,7.00E+07
3/21/2025 18:00,749218.37,16412258.44,-15663040.07,-7.00E+07,-61250486,-41503942,-31630670,31630670,41503942,61250486,7.00E+07
3/21/2025 17:00,-2100852.62,-18582890.79,16482038.17,-7.00E+07,-61299097,-41555572,-31683809,31683809,41555572,61299097,7.00E+07
3/21/2025 16:00,-2257253.83,-18517562.36,16260308.53,-7.00E+07,-61272283,-41527093,-31654498,31654498,41527093,61272283,7.00E+07
3/21/2025 15:00,-738395.45,-17996808.34,17258412.89,-7.00E+07,-61234405,-41486862,-31613091,31613091,41486862,61234405,7.00E+07
3/21/2025 14:00,1110395.36,19386848.16,-18276452.8,-7.00E+07,-61102261,-41346510,-31468635,31468635,41346510,61102261,7.00E+07
3/21/2025 13:00,3569780.72,21132759.77,-17562979.06,-7.00E+07,-60965097,-41200826,-31318691,31318691,41200826,60965097,7.00E+07
3/21/2025 12:00,6388553.28,21972125.32,-15583572.03,-7.00E+07,-60647099,-40863076,-30971064,30971064,40863076,60647099,7.00E+07
3/21/2025 11:00,8999962.12,22428038.43,-13428076.3,-7.00E+07,-60401620,-40602349,-30702714,30702714,40602349,60401620,7.00E+07
3/21/2025 10:00,9321637.32,20423438.92,-11101801.6,-7.00E+07,-59863912,-40031242,-30114907,30114907,40031242,59863912,7.00E+07
3/21/2025 9:00,7590936.7,18598188.25,-11007251.55,-7.00E+07,-59761707,-39922689,-30003180,30003180,39922689,59761707,7.00E+07
3/21/2025 8:00,4311840.27,14353891.06,-10042050.79,-7.00E+07,-60424286,-40626423,-30727491,30727491,40626423,60424286,7.00E+07
3/21/2025 7:00,-224861.77,-12533196.24,12308334.47,-7.00E+07,-61223729,-41475523,-31601420,31601420,41475523,61223729,7.00E+07
3/21/2025 6:00,-7174147.04,-16049989.26,8875842.22,-7.00E+07,-61474144,-41741492,-31875166,31875166,41741492,61474144,7.00E+07
3/21/2025 5:00,-9323381.51,-18437346.32,9113964.81,-7.00E+07,-61638624,-41916188,-32054971,32054971,41916188,61638624,7.00E+07
3/21/2025 4:00,-9318499.71,-21546439.95,12227940.25,-7.00E+07,-61721345,-42004048,-32145399,32145399,42004048,61721345,7.00E+07
3/21/2025 3:00,-9138539.58,-23535260.68,14396721.1,-7.00E+07,-61691739,-41972603,-32113035,32113035,41972603,61691739,7.00E+07
3/21/2025 2:00,-8922383.72,-24477588.31,15555204.59,-7.00E+07,-61746332,-42030587,-32172714,32172714,42030587,61746332,7.00E+07
3/21/2025 1:00,-7364947.93,-25990213.43,18625265.5,-7.00E+07,-61575872,-41849539,-31986372,31986372,41849539,61575872,7.00E+07
3/21/2025 0:00,-6562428.27,-26543570.83,19981142.56,-7.00E+07,-61247799,-41501088,-31627733,31627733,41501088,61247799,7.00E+07
3/20/2025 23:00,-3830267.83,-23712396.08,19882128.25,-7.00E+07,-60971906,-41208058,-31326134,31326134,41208058,60971906,7.00E+07
3/20/2025 22:00,-3434250.75,-21974682.91,18540432.16,-7.00E+07,-60801944,-41027539,-31140337,31140337,41027539,60801944,7.00E+07
3/20/2025 21:00,-5671336.92,-22223775.65,16552438.73,-7.00E+07,-60698820,-40918009,-31027604,31027604,40918009,60698820,7.00E+07
3/20/2025 20:00,-6227189.61,-22626829.86,16399640.26,-7.00E+07,-60905784,-41137828,-31253851,31253851,41137828,60905784,7.00E+07
3/20/2025 19:00,-3638304.29,-19782052.34,16143748.05,-7.00E+07,-61238489,-41491199,-31617555,31617555,41491199,61238489,7.00E+07
3/20/2025 18:00,-8269621.74,-22272155.95,14002534.2,-7.00E+07,-61333880,-41592516,-31721834,31721834,41592516,61333880,7.00E+07
3/20/2025 17:00,-10062830.3,-26825239.78,16762409.48,-7.00E+07,-61379140,-41640587,-31771311,31771311,41640587,61379140,7.00E+07
3/20/2025 16:00,-11085633.93,-26723272.9,15637638.96,-7.00E+07,-61332310,-41590848,-31720117,31720117,41590848,61332310,7.00E+07
3/20/2025 15:00,-12785904.85,-27096828.76,14310923.91,-7.00E+07,-61200121,-41450449,-31575612,31575612,41450449,61200121,7.00E+07
3/20/2025 14:00,-10435072.55,-28306759.51,17871686.96,-7.00E+07,-61033678,-41273666,-31393661,31393661,41273666,61033678,7.00E+07
3/20/2025 13:00,-6926022.72,-25437722.32,18511699.6,-7.00E+07,-60846820,-41075202,-31189393,31189393,41075202,60846820,7.00E+07
3/20/2025 12:00,-2460801.16,-20940818.97,18480017.81,-7.00E+07,-60530837,-40739592,-30843970,30843970,40739592,60530837,7.00E+07
3/20/2025 11:00,350925.07,19588306.27,-19237381.19,-7.00E+07,-60029335,-40206940,-30295743,30295743,40206940,60029335,7.00E+07
3/20/2025 10:00,2950098.54,18795038.97,-15844940.43,-7.00E+07,-59385259,-39522858,-29591657,29591657,39522858,59385259,7.00E+07
3/20/2025 9:00,6949390.83,19663352.76,-12713961.93,-7.00E+07,-59292574,-39424415,-29490336,29490336,39424415,59292574,7.00E+07
3/20/2025 8:00,6075909.74,17857128.46,-11781218.72,-7.00E+07,-60040748,-40219062,-30308219,30308219,40219062,60040748,7.00E+07
3/20/2025 7:00,787815.71,13666684.56,-12878868.85,-7.00E+07,-61002862,-41240937,-31359974,31359974,41240937,61002862,7.00E+07
3/20/2025 6:00,-2015762.2,-13706548.71,11690786.51,-7.00E+07,-60905602,-41137636,-31253653,31253653,41137636,60905602,7.00E+07
3/20/2025 5:00,-4203594.25,-15847325.48,11643731.23,-7.00E+07,-61104587,-41348980,-31471177,31471177,41348980,61104587,7.00E+07
3/20/2025 4:00,-4607729.27,-18595230.97,13987501.7,-7.00E+07,-61217629,-41469044,-31594752,31594752,41469044,61217629,7.00E+07
3/20/2025 3:00,-3450403.97,-21705364.27,18254960.29,-7.00E+07,-61436924,-41701961,-31834479,31834479,41701961,61436924,7.00E+07
3/20/2025 2:00,3612483.06,25693303.71,-22080820.65,-7.00E+07,-61470698,-41737832,-31871399,31871399,41737832,61470698,7.00E+07
3/20/2025 1:00,11322649.92,31063024.28,-19740374.36,-7.00E+07,-61251835,-41505374,-31632144,31632144,41505374,61251835,7.00E+07
3/20/2025 0:00,14228531.03,33488683.91,-19260152.87,-7.00E+07,-60809154,-41035197,-31148218,31148218,41035197,60809154,7.00E+07
3/19/2025 23:00,15414863.41,33670765.9,-18255902.49,-7.00E+07,-60433837,-40636568,-30737933,30737933,40636568,60433837,7.00E+07
3/19/2025 22:00,12739524.75,30673987.16,-17934462.41,-7.00E+07,-60195219,-40383128,-30477082,30477082,40383128,60195219,7.00E+07
3/19/2025 21:00,7360391.59,26126315.89,-18765924.3,-7.00E+07,-60081722,-40262581,-30353011,30353011,40262581,60081722,7.00E+07
3/19/2025 20:00,6112228.75,24145322.85,-18033094.1,-7.00E+07,-60320841,-40516553,-30614409,30614409,40516553,60320841,7.00E+07
3/19/2025 19:00,1843967.66,23147631.53,-21303663.87,-7.00E+07,-60685805,-40904186,-31013376,31013376,40904186,60685805,7.00E+07
3/19/2025 18:00,-2155116.76,-24054782.34,21899665.58,-7.00E+07,-60941429,-41175689,-31292818,31292818,41175689,60941429,7.00E+07
3/19/2025 17:00,-4280939.91,-25260387.68,20979447.77,-7.00E+07,-61051816,-41292932,-31413490,31413490,41292932,61051816,7.00E+07
3/19/2025 16:00,-2139664.47,-24061368.66,21921704.19,-7.00E+07,-60963392,-41199015,-31316827,31316827,41199015,60963392,7.00E+07
3/19/2025 15:00,-2228452.33,-24495840.96,22267388.63,-7.00E+07,-60755599,-40978315,-31089673,31089673,40978315,60755599,7.00E+07
3/19/2025 14:00,1404297.33,24102394.12,-22698096.79,-7.00E+07,-60554617,-40764849,-30869965,30869965,40764849,60554617,7.00E+07
3/19/2025 13:00,5670622.07,25214264.67,-19543642.59,-7.00E+07,-60164155,-40350134,-30443124,30443124,40350134,60164155,7.00E+07
3/19/2025 12:00,8377921.42,26063730.83,-17685809.41,-7.00E+07,-59674349,-39829905,-29907682,29907682,39829905,59674349,7.00E+07
3/19/2025 11:00,10044842.22,26449895.61,-16405053.39,-7.00E+07,-58848306,-38952553,-29004676,29004676,38952553,58848306,7.00E+07
3/19/2025 10:00,9687608.14,24338745.46,-14651137.32,-7.00E+07,-58055298,-38110287,-28137782,28137782,38110287,58055298,7.00E+07
3/19/2025 9:00,9142361.64,21749770.05,-12607408.41,-7.00E+07,-57987725,-38038518,-28063914,28063914,38038518,57987725,7.00E+07
3/19/2025 8:00,8406866.9,19944684.54,-11537817.63,-7.00E+07,-58893459,-39000510,-29054035,29054035,39000510,58893459,7.00E+07
3/19/2025 7:00,3647361.43,17633169.37,-13985807.94,-7.00E+07,-60084308,-40265327,-30355837,30355837,40265327,60084308,7.00E+07
3/19/2025 6:00,-3869756.89,-16802461.5,12932704.61,-7.00E+07,-59771191,-39932762,-30013547,30013547,39932762,59771191,7.00E+07
3/19/2025 5:00,-10781943.12,-20593623.09,9811679.97,-7.00E+07,-60067184,-40247140,-30337118,30337118,40247140,60067184,7.00E+07
3/19/2025 4:00,-15341937.54,-23615216.11,8273278.57,-7.00E+07,-61363511,-41623988,-31754226,31754226,41623988,61363511,7.00E+07
3/19/2025 3:00,-17494717.57,-26641570.87,9146853.3,-7.00E+07,-61469229,-41736272,-31869793,31869793,41736272,61469229,7.00E+07
3/19/2025 2:00,-15436910.37,-26425107.05,10988196.68,-7.00E+07,-61472418,-41739659,-31873280,31873280,41739659,61472418,7.00E+07
3/19/2025 1:00,-11933299.63,-24023703.72,12090404.09,-7.00E+07,-61273079,-41527938,-31655367,31655367,41527938,61273079,7.00E+07
3/19/2025 0:00,-6007285.21,-20513466.74,14506181.52,-7.00E+07,-60719568,-40940046,-31050285,31050285,40940046,60719568,7.00E+07
3/18/2025 23:00,-1323650.14,-18384914,17061263.86,-7.00E+07,-60253537,-40445068,-30540834,30540834,40445068,60253537,7.00E+07
3/18/2025 22:00,183302.65,18327069.12,-18143766.47,-7.00E+07,-59990162,-40165334,-30252920,30252920,40165334,59990162,7.00E+07
3/18/2025 21:00,-1719652.62,-20310006.42,18590353.8,-7.00E+07,-59858245,-40025223,-30108712,30108712,40025223,59858245,7.00E+07
3/18/2025 20:00,-4807957.64,-23422674.46,18614716.82,-7.00E+07,-59016544,-39131240,-29188588,29188588,39131240,59016544,7.00E+07
3/18/2025 19:00,-12893983.82,-27135046.03,14241062.21,-7.00E+07,-59533320,-39680115,-29753513,29753513,39680115,59533320,7.00E+07
3/18/2025 18:00,-20071355.52,-33528936.61,13457581.09,-7.00E+07,-61098179,-41342174,-31464172,31464172,41342174,61098179,7.00E+07
3/18/2025 17:00,-19655871.25,-33625399.26,13969528.01,-7.00E+07,-61228618,-41480715,-31606764,31606764,41480715,61228618,7.00E+07
3/18/2025 16:00,-15602813.89,-30267038.89,14664225,-7.00E+07,-61163885,-41411961,-31536000,31536000,41411961,61163885,7.00E+07
3/18/2025 15:00,-11975243.09,-26062110.52,14086867.44,-7.00E+07,-60961261,-41196752,-31314497,31314497,41196752,60961261,7.00E+07
3/18/2025 14:00,-12556992.23,-25833689.21,13276696.99,-7.00E+07,-60700740,-40920048,-31029703,31029703,40920048,60700740,7.00E+07
3/18/2025 13:00,-10605004.56,-22935593.24,12330588.68,-7.00E+07,-60307682,-40502576,-30600023,30600023,40502576,60307682,7.00E+07
3/18/2025 12:00,-7667849.24,-21426421.65,13758572.41,-7.00E+07,-59747166,-39907244,-29987284,29987284,39907244,59747166,7.00E+07
3/18/2025 11:00,-690957.93,-15152028.5,14461070.57,-7.00E+07,-58944690,-39054923,-29110039,29110039,39054923,58944690,7.00E+07
3/18/2025 10:00,4616003.72,17550181.93,-12934178.22,-7.00E+07,-58211710,-38276415,-28308767,28308767,38276415,58211710,7.00E+07
3/18/2025 9:00,9282329.78,21099510.65,-11817180.87,-7.00E+07,-58185925,-38249028,-28280580,28280580,38249028,58185925,7.00E+07
3/18/2025 8:00,8315223.56,21616639.74,-13301416.17,-7.00E+07,-58018729,-38071447,-28097806,28097806,38071447,58018729,7.00E+07
3/18/2025 7:00,7348931.81,21223529.21,-13874597.4,-7.00E+07,-59209984,-39336696,-29400052,29400052,39336696,59209984,7.00E+07
3/18/2025 6:00,3594555.18,20953489.37,-17358934.2,-7.00E+07,-59419149,-39558853,-29628705,29628705,39558853,59419149,7.00E+07
3/18/2025 5:00,4024412.24,24063944.49,-20039532.25,-7.00E+07,-59640906,-39794385,-29871124,29871124,39794385,59640906,7.00E+07
3/18/2025 4:00,4728967.95,24560776.61,-19831808.66,-7.00E+07,-59856463,-40023331,-30106764,30106764,40023331,59856463,7.00E+07
3/18/2025 3:00,4633245.83,23627404.51,-18994158.69,-7.00E+07,-59981323,-40155946,-30243257,30243257,40155946,59981323,7.00E+07
3/18/2025 2:00,3508698.59,23047181.68,-19538483.1,-7.00E+07,-60104912,-40287211,-30378361,30378361,40287211,60104912,7.00E+07
3/18/2025 1:00,4342971.09,23649148.77,-19306177.68,-7.00E+07,-59896532,-40065888,-30150567,30150567,40065888,59896532,7.00E+07
3/18/2025 0:00,5520125.55,24915622.39,-19395496.84,-7.00E+07,-59346190,-39481362,-29548948,29548948,39481362,59346190,7.00E+07
3/17/2025 23:00,7601050.91,27146578.39,-19545527.47,-7.00E+07,-58999040,-39112649,-29169454,29169454,39112649,58999040,7.00E+07
3/17/2025 22:00,7015780.67,28727911.44,-21712130.78,-7.00E+07,-58754022,-38852412,-28901607,28901607,38852412,58754022,7.00E+07
3/17/2025 21:00,1558173.65,26836301.23,-25278127.58,-7.00E+07,-58647335,-38739098,-28784980,28784980,38739098,58647335,7.00E+07
3/17/2025 20:00,-3968492.57,-29717957.23,25749464.65,-7.00E+07,-58899230,-39006640,-29060345,29060345,39006640,58899230,7.00E+07
3/17/2025 19:00,-12625807.34,-30116369.36,17490562.02,-7.00E+07,-59408944,-39548014,-29617549,29617549,39548014,59408944,7.00E+07
3/17/2025 18:00,-20670119.2,-33768881.45,13098762.25,-7.00E+07,-59707408,-39865017,-29943822,29943822,39865017,59707408,7.00E+07
3/17/2025 17:00,-24440447.75,-37920742.95,13480295.2,-7.00E+07,-59736037,-39895424,-29975117,29975117,39895424,59736037,7.00E+07
3/17/2025 16:00,-19268369.72,-33518798.32,14250428.6,-7.00E+07,-59587009,-39737139,-29812205,29812205,39737139,59587009,7.00E+07
3/17/2025 15:00,-17850848.92,-32241924.94,14391076.03,-7.00E+07,-59378622,-39515808,-29584401,29584401,39515808,59378622,7.00E+07
3/17/2025 14:00,-16270014.69,-29909933.26,13639918.56,-7.00E+07,-59158437,-39281947,-29343702,29343702,39281947,59158437,7.00E+07
3/17/2025 13:00,-17199237.03,-30379162.28,13179925.25,-7.00E+07,-58917081,-39025600,-29079859,29079859,39025600,58917081,7.00E+07
3/17/2025 12:00,-11948844.67,-27017634.5,15068789.83,-7.00E+07,-58491964,-38574077,-28615133,28615133,38574077,58491964,7.00E+07
3/17/2025 11:00,-6407756.69,-19964111.64,13556354.96,-7.00E+07,-57826186,-37866944,-27887324,27887324,37866944,57826186,7.00E+07
3/17/2025 10:00,-2806858.89,-17050097.5,14243238.6,-7.00E+07,-57333792,-37343966,-27349052,27349052,37343966,57333792,7.00E+07
3/17/2025 9:00,-1744726.33,-16662548.48,14917822.15,-7.00E+07,-57455686,-37473431,-27482304,27482304,37473431,57455686,7.00E+07
3/17/2025 8:00,-5082595.79,-16705752.53,11623156.74,-7.00E+07,-58403049,-38479639,-28517934,28517934,38479639,58403049,7.00E+07
3/17/2025 7:00,-7826141.89,-16911487.32,9085345.43,-7.00E+07,-59526050,-39672394,-29745566,29745566,39672394,59526050,7.00E+07
3/17/2025 6:00,-7627432.4,-16541178.46,8913746.06,-7.00E+07,-60224063,-40413763,-30508614,30508614,40413763,60224063,7.00E+07
3/17/2025 5:00,-16610536.95,-24857997.65,8247460.7,-7.00E+07,-60503540,-40710600,-30814130,30814130,40710600,60503540,7.00E+07
3/17/2025 4:00,-19377413.02,-28223905.95,8846492.93,-7.00E+07,-60655304,-40871790,-30980034,30980034,40871790,60655304,7.00E+07
3/17/2025 3:00,-15833171.35,-27189781.21,11356609.86,-7.00E+07,-60744983,-40967040,-31078069,31078069,40967040,60744983,7.00E+07
3/17/2025 2:00,-11823487.06,-25575716.35,13752229.28,-7.00E+07,-60765266,-40988583,-31100241,31100241,40988583,60765266,7.00E+07
3/17/2025 1:00,-5494846.73,-23711439.89,18216593.15,-7.00E+07,-60561530,-40772192,-30877523,30877523,40772192,60561530,7.00E+07
3/17/2025 0:00,97581.86,22642759.78,-22545177.92,-7.00E+07,-60062460,-40242122,-30331954,30331954,40242122,60062460,7.00E+07
3/16/2025 23:00,1900660.61,23697513.3,-21796852.69,-7.00E+07,-59621199,-39773453,-29849580,29849580,39773453,59621199,7.00E+07
3/16/2025 22:00,69794.76,23115647.55,-23045852.8,-7.00E+07,-59356672,-39492496,-29560407,29560407,39492496,59356672,7.00E+07
3/16/2025 21:00,-3074977.96,-24294066.41,21219088.46,-7.00E+07,-59184533,-39309663,-29372229,29372229,39309663,59184533,7.00E+07
3/16/2025 20:00,-8033105.12,-25550022.75,17516917.64,-7.00E+07,-59260118,-39389944,-29454857,29454857,39389944,59260118,7.00E+07
3/16/2025 19:00,-17685548.59,-32947875.17,15262326.57,-7.00E+07,-59587769,-39737947,-29813036,29813036,39737947,59587769,7.00E+07
3/16/2025 18:00,-25805706.91,-37453108.83,11647401.92,-7.00E+07,-59971591,-40145609,-30232618,30232618,40145609,59971591,7.00E+07
3/16/2025 17:00,-28315169.79,-38548273.41,10233103.62,-7.00E+07,-60114418,-40297308,-30388753,30388753,40297308,60114418,7.00E+07
3/16/2025 16:00,-25464832.29,-34639381.6,9174549.32,-7.00E+07,-60111265,-40293959,-30385306,30385306,40293959,60111265,7.00E+07
3/16/2025 15:00,-23343657.93,-32885914.81,9542256.87,-7.00E+07,-59943932,-40116232,-30202382,30202382,40116232,59943932,7.00E+07
3/16/2025 14:00,-22290689.41,-31472464.56,9181775.15,-7.00E+07,-59623058,-39775427,-29851612,29851612,39775427,59623058,7.00E+07
3/16/2025 13:00,-19190327.43,-28205065.82,9014738.4,-7.00E+07,-59267194,-39397460,-29462592,29462592,39397460,59267194,7.00E+07
3/16/2025 12:00,-16293691.93,-25901946.2,9608254.27,-7.00E+07,-58759239,-38857953,-28907310,28907310,38857953,58759239,7.00E+07
3/16/2025 11:00,-10372513.04,-20005090.56,9632577.51,-7.00E+07,-58085313,-38142167,-28170594,28170594,38142167,58085313,7.00E+07
3/16/2025 10:00,-7275715.3,-17061221.96,9785506.66,-7.00E+07,-57822758,-37863304,-27883576,27883576,37863304,57822758,7.00E+07
3/16/2025 9:00,-1873307.36,-13588724.5,11715417.15,-7.00E+07,-58321384,-38392901,-28428660,28428660,38392901,58321384,7.00E+07
3/16/2025 8:00,2335643.11,14583599.25,-12247956.14,-7.00E+07,-59264091,-39394164,-29459200,29459200,39394164,59264091,7.00E+07
3/16/2025 7:00,4586594.35,16365172.49,-11778578.14,-7.00E+07,-60053647,-40232762,-30322320,30322320,40232762,60053647,7.00E+07
3/16/2025 6:00,5577258.63,16755857.35,-11178598.72,-7.00E+07,-59662887,-39817731,-29895152,29895152,39817731,59662887,7.00E+07
3/16/2025 5:00,3763576.92,16825635.19,-13062058.27,-7.00E+07,-59845955,-40012169,-30095277,30095277,40012169,59845955,7.00E+07
3/16/2025 4:00,2535122.07,18316141.37,-15781019.3,-7.00E+07,-60011059,-40187529,-30275764,30275764,40187529,60011059,7.00E+07
3/16/2025 3:00,2665490.54,20923970.26,-18258479.72,-7.00E+07,-60086558,-40267718,-30358297,30358297,40267718,60086558,7.00E+07
3/16/2025 2:00,3168286.37,23946021.97,-20777735.6,-7.00E+07,-60099984,-40281977,-30372974,30372974,40281977,60099984,7.00E+07
3/16/2025 1:00,3444487.82,24691162.74,-21246674.92,-7.00E+07,-59814238,-39978483,-30060605,30060605,39978483,59814238,7.00E+07
3/16/2025 0:00,4481029.23,24021024.93,-19539995.7,-7.00E+07,-59249259,-39378410,-29442986,29442986,39378410,59249259,7.00E+07
3/15/2025 23:00,6902904.41,24730833.61,-17827929.21,-7.00E+07,-58845807,-38949899,-29001944,29001944,38949899,58845807,7.00E+07
3/15/2025 22:00,6728068.6,25549585.36,-18821516.76,-7.00E+07,-58605712,-38694890,-28739479,28739479,38694890,58605712,7.00E+07
3/15/2025 21:00,5629895.79,25918725.68,-20288829.88,-7.00E+07,-58441331,-38520299,-28559783,28559783,38520299,58441331,7.00E+07
3/15/2025 20:00,1353561.69,23919157.78,-22565596.09,-7.00E+07,-58536478,-38621355,-28663794,28663794,38621355,58536478,7.00E+07
3/15/2025 19:00,-5952363.6,-26415502.5,20463138.9,-7.00E+07,-58843496,-38947444,-28999418,28999418,38947444,58843496,7.00E+07
3/15/2025 18:00,-15953352.19,-29069458.27,13116106.08,-7.00E+07,-59190291,-39315779,-29378523,29378523,39315779,59190291,7.00E+07
3/15/2025 17:00,-23116749.62,-32329175.46,9212425.83,-7.00E+07,-59335595,-39470109,-29537366,29537366,39470109,59335595,7.00E+07
3/15/2025 16:00,-27561005.09,-33578066.08,6017060.99,-7.00E+07,-59322809,-39456529,-29523389,29523389,39456529,59322809,7.00E+07
3/15/2025 15:00,-27195677.43,-33659202.46,6463525.03,-7.00E+07,-59167737,-39291825,-29353869,29353869,39291825,59167737,7.00E+07
3/15/2025 14:00,-23215684.63,-30117527.29,6901842.65,-7.00E+07,-58888686,-38995440,-29048818,29048818,38995440,58888686,7.00E+07
3/15/2025 13:00,-20523512.08,-26470194.61,5946682.53,-7.00E+07,-58509954,-38593185,-28634800,28634800,38593185,58509954,7.00E+07
3/15/2025 12:00,-16329227.21,-22127830.21,5798603,-7.00E+07,-57978086,-38028280,-28053376,28053376,38028280,57978086,7.00E+07
3/15/2025 11:00,-11720552.81,-17810621.98,6090069.17,-7.00E+07,-57373553,-37386196,-27392518,27392518,37386196,57373553,7.00E+07
3/15/2025 10:00,-7672001.51,-14786100.5,7114098.99,-7.00E+07,-57173800,-37174036,-27174154,27174154,37174036,57173800,7.00E+07
3/15/2025 9:00,-7366478.62,-13886101.36,6519622.74,-7.00E+07,-57680339,-37712038,-27727888,27727888,37712038,57680339,7.00E+07
3/15/2025 8:00,-10155085.3,-15532624.88,5377539.57,-7.00E+07,-58686530,-38780728,-28827827,28827827,38780728,58686530,7.00E+07
3/15/2025 7:00,-11851477.47,-17218122.66,5366645.19,-7.00E+07,-59568807,-39717807,-29792307,29792307,39717807,59568807,7.00E+07
3/15/2025 6:00,-10802622.22,-16876220.89,6073598.67,-7.00E+07,-59344856,-39479945,-29547490,29547490,39479945,59344856,7.00E+07
3/15/2025 5:00,-8105628.48,-15397805.83,7292177.35,-7.00E+07,-59528310,-39674794,-29748036,29748036,39674794,59528310,7.00E+07
3/15/2025 4:00,-5443907.32,-15329740.73,9885833.41,-7.00E+07,-59639709,-39793112,-29869814,29869814,39793112,59639709,7.00E+07
3/15/2025 3:00,-2768637.38,-15708939.91,12940302.52,-7.00E+07,-59699994,-39857142,-29935716,29935716,39857142,59699994,7.00E+07
3/15/2025 2:00,679398.81,14377603.74,-13698204.94,-7.00E+07,-59843275,-40009323,-30092347,30092347,40009323,59843275,7.00E+07
3/15/2025 1:00,4862406.37,17061104.85,-12198698.48,-7.00E+07,-59620090,-39772275,-29848367,29848367,39772275,59620090,7.00E+07
3/15/2025 0:00,9995114.46,20526599.52,-10531485.06,-7.00E+07,-59035664,-39151549,-29209491,29209491,39151549,59035664,7.00E+07
3/14/2025 23:00,14852947.92,24771060.59,-9918112.67,-7.00E+07,-58623755,-38714053,-28759203,28759203,38714053,58623755,7.00E+07
3/14/2025 22:00,17943652.09,28597473.51,-10653821.42,-7.00E+07,-58431706,-38510075,-28549260,28549260,38510075,58431706,7.00E+07
3/14/2025 21:00,15576965.53,26233242.95,-10656277.42,-7.00E+07,-58236456,-38302698,-28335819,28335819,38302698,58236456,7.00E+07
3/14/2025 20:00,11266805.24,22456504.31,-11189699.06,-7.00E+07,-58305915,-38376471,-28411749,28411749,38376471,58305915,7.00E+07
3/14/2025 19:00,8464101.37,19266660.09,-10802558.72,-7.00E+07,-58589458,-38677627,-28721711,28721711,38677627,58589458,7.00E+07
3/14/2025 18:00,6592653.99,18973071.44,-12380417.45,-7.00E+07,-58974007,-39086062,-29142089,29142089,39086062,58974007,7.00E+07
3/14/2025 17:00,5028488.13,18735520.84,-13707032.71,-7.00E+07,-59188673,-39314062,-29376756,29376756,39314062,59188673,7.00E+07
3/14/2025 16:00,1204574,18156537.33,-16951963.33,-7.00E+07,-59215649,-39342712,-29406244,29406244,39342712,59215649,7.00E+07
3/14/2025 15:00,461559.03,18967580.26,-18506021.24,-7.00E+07,-59127487,-39249075,-29309869,29309869,39249075,59127487,7.00E+07
3/14/2025 14:00,-2279415.79,-19782090.26,17502674.48,-7.00E+07,-58954026,-39064839,-29120246,29120246,39064839,58954026,7.00E+07
3/14/2025 13:00,-1559888.57,-21396705.67,19836817.1,-7.00E+07,-58698869,-38793834,-28841316,28841316,38793834,58698869,7.00E+07
3/14/2025 12:00,-177221.36,-19422205.52,19244984.17,-7.00E+07,-58261805,-38329622,-28363530,28363530,38329622,58261805,7.00E+07
3/14/2025 11:00,4411000.36,19532358.05,-15121357.69,-7.00E+07,-57619321,-37647231,-27661185,27661185,37647231,57619321,7.00E+07
3/14/2025 10:00,7427382.5,19503274.4,-12075891.9,-7.00E+07,-57069500,-37069500,-27069500,27069500,37069500,57069500,7.00E+07
3/14/2025 9:00,8378703.17,19401261.32,-11022558.15,-7.00E+07,-57173430,-37173643,-27173750,27173750,37173643,57173430,7.00E+07
3/14/2025 8:00,6375455.63,17658357.19,-11282901.56,-7.00E+07,-58118765,-38177696,-28207162,28207162,38177696,58118765,7.00E+07
3/14/2025 7:00,1612045.07,15584644.84,-13972599.77,-7.00E+07,-59256516,-39386118,-29450919,29450919,39386118,59256516,7.00E+07
